ref,title,obligation_snippet
Art.12,"Transparent information, communication and modalities for the exercise of the rights of the data subject",The controller shall take appropriate measures to provide any information referred to in Articles 13 and 14 and any communication under Articles 15 to 22 and 34 relating to processing to the data subj
Art.12.3,"Transparent information, communication and modalities for the exercise of the rights of the data subject — paragraph 3",The controller shall provide information on action taken on a request under Articles 15 to 22 to the data subject without undue delay and in any event within one month of receipt of the request.
Art.14,Information to be provided where personal data have not been obtained from the data subject,"Where personal data have not been obtained from the data subject, the controller shall provide the data subject with: (a) the identity and contact details of the controller; (b) the contact details of"
Art.14.3,Information to be provided where personal data have not been obtained from the data subject — paragraph 3,"The controller shall provide the information referred to in paragraphs 1 and 2 within a reasonable period, but at the latest within one month of obtaining the personal data."
Art.16,Right to rectification,The data subject shall have the right to obtain from the controller without undue delay the rectification of inaccurate personal data concerning him or her. Taking into account the purposes of the pro
Art.16.1,Right to rectification — paragraph 1,The data subject shall have the right to obtain from the controller without undue delay the rectification of inaccurate personal data concerning him or her. Taking into account the purposes of the pro
Art.17,Right to erasure ('right to be forgotten'),The data subject shall have the right to obtain from the controller the erasure of personal data concerning him or her without undue delay and the controller shall have the obligation to erase persona
Art.17.1,Right to erasure ('right to be forgotten') — paragraph 1,The data subject shall have the right to obtain from the controller the erasure of personal data concerning him or her without undue delay and the controller shall have the obligation to erase persona
Art.17.1.a,Right to erasure ('right to be forgotten') — 1(a),the personal data are no longer necessary;
Art.17.1.b,Right to erasure ('right to be forgotten') — 1(b),the data subject withdraws consent and there is no other legal ground for the processing;
Art.17.1.c,Right to erasure ('right to be forgotten') — 1(c),the data subject objects pursuant to Art.21(1) and there are no overriding legitimate grounds;
Art.17.1.d,Right to erasure ('right to be forgotten') — 1(d),the personal data have been unlawfully processed;
Art.17.1.e,Right to erasure ('right to be forgotten') — 1(e),the personal data have to be erased for compliance with a legal obligation.
Art.18,Right to restriction of processing,The data subject shall have the right to obtain from the controller restriction of processing where one of the following applies: (a) the accuracy of the personal data is contested; (b) the processing
Art.18.1,Right to restriction of processing — paragraph 1,The data subject shall have the right to obtain from the controller restriction of processing where one of the following applies: (a) the accuracy of the personal data is contested; (b) the processing
Art.18.1.a,Right to restriction of processing — 1(a),The data subject shall have the right to obtain from the controller restriction of processing where one of the following applies: (a) the accuracy of the personal data is contested;
Art.18.1.b,Right to restriction of processing — 1(b),The data subject shall have the right to obtain from the controller restriction of processing where one of the following applies: (b) the processing is unlawful and the data subject opposes the erasur
Art.18.1.c,Right to restriction of processing — 1(c),The data subject shall have the right to obtain from the controller restriction of processing where one of the following applies: (c) the controller no longer needs the personal data but they are requ
Art.18.1.d,Right to restriction of processing — 1(d),The data subject shall have the right to obtain from the controller restriction of processing where one of the following applies: (d) the data subject has objected to processing pursuant to Art.21(1) 
Art.19,Notification obligation regarding rectification or erasure of personal data or restriction of processing,"The controller shall communicate any rectification or erasure of personal data or restriction of processing carried out in accordance with Article 16, Article 17(1) and Article 18 to each recipient to"
Art.19.1,Notification obligation regarding rectification or erasure of personal data or restriction of processing — paragraph 1,"The controller shall communicate any rectification or erasure of personal data or restriction of processing carried out in accordance with Article 16, Article 17(1) and Article 18 to each recipient to"
Art.20,Right to data portability,"The data subject shall have the right to receive the personal data concerning him or her, which he or she has provided to a controller, in a structured, commonly used and machine-readable format and h"
Art.20.1,Right to data portability — paragraph 1,"The data subject shall have the right to receive the personal data concerning him or her, which he or she has provided to a controller, in a structured, commonly used and machine-readable format and h"
Art.21,Right to object,"The data subject shall have the right to object, on grounds relating to his or her particular situation, at any time to processing of personal data concerning him or her which is based on point (e) or"
Art.21.1,Right to object — paragraph 1,"The data subject shall have the right to object, on grounds relating to his or her particular situation, at any time to processing of personal data concerning him or her which is based on point (e) or"
Art.21.2,Right to object — paragraph 2,"Where personal data are processed for direct marketing purposes, the data subject shall have the right to object at any time to processing of personal data concerning him or her for such marketing."
Art.22,"Automated individual decision-making, including profiling","The data subject shall have the right not to be subject to a decision based solely on automated processing, including profiling, which produces legal effects concerning him or her or similarly signifi"
Art.22.1,"Automated individual decision-making, including profiling — paragraph 1","The data subject shall have the right not to be subject to a decision based solely on automated processing, including profiling, which produces legal effects concerning him or her or similarly signifi"
Art.22.2,"Automated individual decision-making, including profiling — paragraph 2","Paragraph 1 shall not apply if the decision: (a) is necessary for entering into, or performance of, a contract; (b) is authorised by Union or Member State law; or (c) is based on the data subject's ex"
Art.22.3,"Automated individual decision-making, including profiling — paragraph 3","In the cases referred to in points (a) and (c) of paragraph 2, the data controller shall implement suitable measures to safeguard the data subject's rights and freedoms, including at least the right t"
Art.31,Cooperation with the supervisory authority,"The controller and the processor and, where applicable, their representatives, shall cooperate, on request, with the supervisory authority in the performance of its tasks."
Art.31.1,Cooperation with the supervisory authority — paragraph 1,"The controller and the processor and, where applicable, their representatives, shall cooperate, on request, with the supervisory authority in the performance of its tasks."
Art.34,Communication of a personal data breach to the data subject,"When the personal data breach is likely to result in a high risk to the rights and freedoms of natural persons, the controller shall communicate the personal data breach to the data subject without un"
Art.34.1,Communication of a personal data breach to the data subject — paragraph 1,"When the personal data breach is likely to result in a high risk to the rights and freedoms of natural persons, the controller shall communicate the personal data breach to the data subject without un"
Art.34.2,Communication of a personal data breach to the data subject — paragraph 2,"The communication to the data subject shall describe in clear and plain language the nature of the personal data breach and contain at least the name and contact details of the DPO, the likely consequ"
Art.34.3,Communication of a personal data breach to the data subject — paragraph 3,The communication to the data subject shall not be required if: (a) the controller has implemented appropriate protection measures making the data unintelligible such as encryption; (b) the controller
Art.7,Conditions for consent,"Where processing is based on consent, the controller shall be able to demonstrate that the data subject has consented to processing of his or her personal data. If the data subject's consent is given "
Art.7.3,Conditions for consent — paragraph 3,The data subject shall have the right to withdraw his or her consent at any time. The withdrawal of consent shall not affect the lawfulness of processing based on consent before its withdrawal. It sha
