src_std,src_ref,et,tgt_std,tgt_ref,role,classification,narrower_refs_named,narrower_refs_have_nodes,dimensions_named,rationale
ISO27001:2022,A.5.1,IMPLEMENTS,GDPR:2016/679,Art.5,high,unspecified,,,,Information security policies underpin Art.5 data protection principles - the foundational organisational measure.
ISO27001:2022,A.5.1,IMPLEMENTS,GDPR:2016/679,Art.24,high,dimension_metadata,,,accountability,Information security policies demonstrate the controller's commitment to data protection — foundational accountability document.
ISO27001:2022,A.5.1,SUPPORTS,GDPR:2016/679,Art.32,high,unspecified,,,,Information security policies provide the documented framework for 'appropriate technical and organisational measures'.
ISO27001:2022,A.5.2,SUPPORTS,GDPR:2016/679,Art.29,medium,unspecified,,,,Defined information security roles and responsibilities implement the chain of authority required by Art.29.
ISO27001:2022,A.5.2,GOVERNANCE,GDPR:2016/679,Art.5,high,dimension_metadata,,,accountability,Information security policy must encompass data protection principles; accountability under Art.5(2) requires documented policy commitment.
ISO27001:2022,A.5.2,IMPLEMENTS,GDPR:2016/679,Art.24,high,dimension_metadata,,,processor,"Information security roles and responsibilities must include GDPR-specific roles (DPO, controller, processor designations)."
ISO27001:2022,A.5.2,IMPLEMENTS,GDPR:2016/679,Art.37,high,unspecified,,,,"Information security roles and responsibilities must include the DPO role — designation, independence, tasks and reporting line should be documented here."
ISO27001:2022,A.5.3,SUPPORTS,GDPR:2016/679,Art.38,medium,unspecified,,,,Segregation of duties supports DPO independence — the DPO must not be in a position that creates a conflict of interest with their data protection oversight role.
ISO27001:2022,A.5.4,IMPLEMENTS,GDPR:2016/679,Art.24,high,dimension_metadata,,,accountability,Management responsibilities control ensures top management takes accountability for GDPR compliance — Art.24 is a governance obligation.
ISO27001:2022,A.5.4,SUPPORTS,GDPR:2016/679,Art.37,high,unspecified,,,,Management responsibilities must include the DPO in governance structures — top management must ensure DPO has resources and access required by Arts.37-39.
ISO27001:2022,A.5.4,IMPLEMENTS,GDPR:2016/679,Art.38,high,unspecified,,,,Management responsibilities include ensuring the DPO has access to top management and the resources to perform their tasks.
ISO27001:2022,A.5.6,SUPPORTS,GDPR:2016/679,Art.32.1.d,medium,unspecified,,,,A.5.6 contact with special interest groups feeds threat intelligence to the Art.32.1.d regular testing + evaluation leg.
ISO27001:2022,A.5.8,SUPPORTS,GDPR:2016/679,Art.25,high,unspecified,,,,Information security in project management ensures privacy requirements are considered for every project involving personal data.
ISO27001:2022,A.5.8,IMPLEMENTS,GDPR:2016/679,Art.35,high,unspecified,,,,Information security in project management must include DPIA as a required gate for projects involving high-risk processing.
ISO27001:2022,A.5.9,ENABLES,GDPR:2016/679,Art.5.1.c,high,unspecified,,,,"Asset inventory identifies all personal data holdings — prerequisite to assessing adequacy, relevance and necessity of each dataset."
ISO27001:2022,A.5.9,ENABLES,GDPR:2016/679,Art.6,high,unspecified,,,,Asset inventory must record the lawful basis for each personal data asset — foundational for demonstrating Art.6 compliance.
ISO27001:2022,A.5.9,ENABLES,GDPR:2016/679,Art.9,high,unspecified,,,,Asset inventory must specifically flag special category data assets for additional controls and oversight.
ISO27001:2022,A.5.9,ENABLES,GDPR:2016/679,Art.13,high,unspecified,,,,Asset inventory of personal data processing activities is the source from which privacy notice content is derived.
ISO27001:2022,A.5.9,ENABLES,GDPR:2016/679,Art.14,high,unspecified,,,,Asset inventory must capture sources of indirectly obtained data to identify where Art.14 notification obligations apply.
ISO27001:2022,A.5.9,ENABLES,GDPR:2016/679,Art.10,high,unspecified,,,,Asset inventory must specifically flag criminal convictions data assets to ensure additional controls are applied.
ISO27001:2022,A.5.9,ENABLES,GDPR:2016/679,Art.7,high,unspecified,,,,Asset inventory must track consent status per data subject and processing activity — prerequisite for consent management.
ISO27001:2022,A.5.9,ENABLES,GDPR:2016/679,Art.5.1.d,medium,dimension_metadata,,,accuracy,Asset inventory with data quality metadata supports accuracy obligations by tracking data sources and update frequency.
ISO27001:2022,A.5.9,IMPLEMENTS,GDPR:2016/679,Art.30,high,unspecified,,,,"Inventory of information and associated assets is the ISO equivalent of the ROPA — must be extended to include all GDPR mandatory fields (purpose, lawful basis, retention, recipients)."
ISO27001:2022,A.5.9,SUPPORTS,GDPR:2016/679,Art.5.1.b,high,dimension_metadata,,,purpose limitation,Asset inventory must record processing purposes for each personal data asset — foundational requirement for purpose limitation.
ISO27001:2022,A.5.12,SUPPORTS,GDPR:2016/679,Art.30,medium,unspecified,,,,"Information classification identifies categories of personal data, supporting Art.30 records of processing activities."
ISO27001:2022,A.5.12,IMPLEMENTS,GDPR:2016/679,Art.5.1.b,high,unspecified,,,,Classification of information must include purpose-limitation labels; data classified by purpose prevents secondary use violations.
ISO27001:2022,A.5.12,IMPLEMENTS,GDPR:2016/679,Art.9,high,unspecified,,,,Information classification must identify special category data and apply heightened classification — explicit GDPR requirement for additional protection of sensitive categories.
ISO27001:2022,A.5.12,IMPLEMENTS,GDPR:2016/679,Art.10,high,dimension_metadata,,,access control,Information classification must flag criminal convictions data as a special restricted category requiring explicit legal basis and heightened access controls.
ISO27001:2022,A.5.13,SUPPORTS,GDPR:2016/679,Art.32.1,medium,unspecified,,,,Classification labels enable the differentiated technical protection Art.32.1 requires — high-sensitivity PII gets stronger controls.
ISO27001:2022,A.5.14,IMPLEMENTS,GDPR:2016/679,Art.46,high,dimension_metadata,,,encryption,"Information transfer controls must address international transfers specifically — encryption, lawful basis verification, adequacy confirmation before transfer."
ISO27001:2022,A.5.14,IMPLEMENTS,GDPR:2016/679,Art.20,high,dimension_metadata,,,integrity;encryption,"Information transfer controls must cover secure provision of portable personal data — format, encryption, integrity verification."
ISO27001:2022,A.5.15,IMPLEMENTS,GDPR:2016/679,Art.5.1.f,high,dimension_metadata,,,access control;confidentiality,Access control ensures personal data is only accessible to authorised persons — core confidentiality control.
ISO27001:2022,A.5.15,IMPLEMENTS,GDPR:2016/679,Art.32.1.b,high,dimension_metadata,,,access control;confidentiality,Access control implements confidentiality — ensures only authorised persons can access personal data processing systems.
ISO27001:2022,A.5.18,IMPLEMENTS,GDPR:2016/679,Art.5.1.f,high,dimension_metadata,,,confidentiality;integrity;access rights,Access rights management directly implements Art.5.1.f integrity and confidentiality principle.
ISO27001:2022,A.5.18,IMPLEMENTS,GDPR:2016/679,Art.32.1.b,high,dimension_metadata,,,confidentiality;access rights,Access rights management implements Art.32.1.b ongoing confidentiality of processing systems.
ISO27001:2022,A.5.18,SUPPORTS,GDPR:2016/679,Art.17,medium,unspecified,,,,Access revocation processes support implementation of Art.17 right to erasure.
ISO27001:2022,A.5.19,IMPLEMENTS,GDPR:2016/679,Art.26,high,unspecified,,,,Information security in supplier relationships covers joint controller arrangements — security requirements and responsibilities must be defined in joint controller agreements.
ISO27001:2022,A.5.19,IMPLEMENTS,GDPR:2016/679,Art.28,high,dimension_metadata,,,processor,Information security in supplier relationships is the primary ISO control for managing data processor relationships — security requirements imposed on all processors by contract.
ISO27001:2022,A.5.19,SUPPORTS,GDPR:2016/679,Art.46,high,dimension_metadata,,,processor,Supplier relationship security must assess third-country processors for GDPR transfer compliance — adequacy or safeguards in place.
ISO27001:2022,A.5.19,SUPPORTS,GDPR:2016/679,Art.45,medium,unspecified,,,,Supplier relationship security must assess transfer destinations for adequacy before personal data is shared internationally.
ISO27001:2022,A.5.21,SUPPORTS,GDPR:2016/679,Art.28,high,dimension_metadata,,,processor,Managing security in the ICT supply chain extends processor oversight to sub-processors — Art.28 requires controller approval for sub-processor engagements.
ISO27001:2022,A.5.22,IMPLEMENTS,GDPR:2016/679,Art.45,high,dimension_metadata,,,monitoring,Monitoring and review of supplier services must include adequacy status of third-country recipients — a previously adequate country losing adequacy (as with US Privacy Shield) requires immediate action.
ISO27001:2022,A.5.22,IMPLEMENTS,GDPR:2016/679,Art.28,high,dimension_metadata,,,processor;monitoring,"Monitoring, review and change management of supplier services implements the Art.28 requirement to audit processors and ensure ongoing compliance with contractual obligations."
ISO27001:2022,A.5.23,IMPLEMENTS,GDPR:2016/679,Art.32,high,unspecified,,,,Cloud service security controls implement Art.32 appropriate technical measures for personal data in cloud environments.
ISO27001:2022,A.5.24,IMPLEMENTS,GDPR:2016/679,Art.33,high,dimension_metadata,,,incident response,"Incident management planning and preparation is the foundation for Art.33 compliance — 72-hour notification requires a pre-planned, rehearsed incident response process."
ISO27001:2022,A.5.24,IMPLEMENTS,GDPR:2016/679,Art.32.1.d,high,dimension_metadata,,,availability,Incident management planning implements Art.32.1.d ability to restore availability - a named Art.32 requirement.
ISO27001:2022,A.5.24,SUPPORTS,GDPR:2016/679,Art.34,high,unspecified,,,,Incident management planning must pre-define the criteria and process for data subject notification — cannot be improvised during a live breach response.
ISO27001:2022,A.5.25,IMPLEMENTS,GDPR:2016/679,Art.33,high,unspecified,,,,Assessment and decision on information security events implements the triage process that determines whether a breach has occurred and whether it must be notified.
ISO27001:2022,A.5.26,IMPLEMENTS,GDPR:2016/679,Art.34,high,dimension_metadata,,,incident response,Incident response must include the data subject communication workflow — Art.34 requires notification without undue delay when breach is likely to result in high risk to subjects.
ISO27001:2022,A.5.26,IMPLEMENTS,GDPR:2016/679,Art.32.1.d,high,dimension_metadata,,,incident response;resilience,Incident response directly implements Art.32.1.d resilience and restoration of processing systems.
ISO27001:2022,A.5.26,IMPLEMENTS,GDPR:2016/679,Art.33,high,unspecified,,,,Response to information security incidents implements the breach containment and notification workflow — includes DPA notification.
ISO27001:2022,A.5.28,IMPLEMENTS,GDPR:2016/679,Art.33,high,unspecified,,,,Collection of evidence supports the breach documentation requirements — Art.33(5) requires all breaches to be documented including those not notified to the DPA.
ISO27001:2022,A.5.29,IMPLEMENTS,GDPR:2016/679,Art.32.1.b,high,unspecified,,,,Information security during disruption ensures personal data remains protected and available even during crisis situations.
ISO27001:2022,A.5.31,IMPLEMENTS,GDPR:2016/679,Art.10,high,unspecified,,,,Legal requirements control must identify the specific legal basis permitting processing of criminal data — only official authorities or specific legal derogations apply.
ISO27001:2022,A.5.31,IMPLEMENTS,GDPR:2016/679,Art.45,high,dimension_metadata,,,monitoring,Legal requirements control must track adequacy decisions — the list of adequate countries changes; compliance requires monitoring Commission decisions and adjusting transfer practices.
ISO27001:2022,A.5.31,IMPLEMENTS,GDPR:2016/679,Art.6,high,unspecified,,,,Legal requirements control is the direct ISO mechanism for identifying and documenting the lawful basis for each processing activity — a mandatory GDPR requirement.
ISO27001:2022,A.5.31,IMPLEMENTS,GDPR:2016/679,Art.44,high,unspecified,,,,"Legal, statutory and regulatory requirements must include the transfer restrictions under Chapter V — adequacy decisions, standard contractual clauses, binding corporate rules."
ISO27001:2022,A.5.31,IMPLEMENTS,GDPR:2016/679,Art.5.1.a,high,dimension_metadata,,,lawfulness,"Legal, statutory, regulatory and contractual requirements control directly addresses identifying and complying with GDPR lawfulness obligations as a legal requirement."
ISO27001:2022,A.5.31,IMPLEMENTS,GDPR:2016/679,Art.85,medium,unspecified,,,,"Legal requirements control must identify where national law derogations under Art.85 apply — journalistic, academic, artistic or literary purposes may override standard GDPR requirements."
ISO27001:2022,A.5.31,SUPPORTS,GDPR:2016/679,Art.35,medium,dimension_metadata,,,monitoring,"Legal requirements control must include DPIA obligations — identifying when a DPIA is legally required (profiling, systematic monitoring, large-scale special category processing)."
ISO27001:2022,A.5.31,SUPPORTS,GDPR:2016/679,Art.12,high,dimension_metadata,,,transparency,"Legal requirements include GDPR's transparency obligations and prescribed response timeframes (one month, extendable to three)."
ISO27001:2022,A.5.31,SUPPORTS,GDPR:2016/679,Art.5.1.e,high,unspecified,,,,Legal requirements control encompasses retention obligations under GDPR and intersecting national retention laws.
ISO27001:2022,A.5.31,SUPPORTS,GDPR:2016/679,Art.7,medium,unspecified,,,,Compliance with legal requirements includes maintaining consent records and processes required by Art.7.
ISO27001:2022,A.5.33,IMPLEMENTS,GDPR:2016/679,Art.5.1.e,high,unspecified,,,,Protection of records control includes retention schedules — must define and enforce GDPR-compliant retention periods.
ISO27001:2022,A.5.33,IMPLEMENTS,GDPR:2016/679,Art.7,high,unspecified,,,,Protection of records must cover consent records — the controller must be able to demonstrate consent was freely given and specific.
ISO27001:2022,A.5.33,IMPLEMENTS,GDPR:2016/679,Art.30,high,unspecified,,,,"Protection of records must cover the ROPA itself as a compliance record — must be maintained, protected and available to the DPA."
ISO27001:2022,A.5.33,SUPPORTS,GDPR:2016/679,Art.15,high,unspecified,,,,Records of processing activities (Art.30) provide the structured information required to respond to subject access requests.
ISO27001:2022,A.5.34,IMPLEMENTS,GDPR:2016/679,Art.16,high,dimension_metadata,,,accuracy,PII protection includes rectification procedures for maintaining accuracy of personal data.
ISO27001:2022,A.5.34,IMPLEMENTS,GDPR:2016/679,Art.21,high,unspecified,,,,PII protection includes objection-handling procedures including opt-out flags for direct marketing/profiling.
ISO27001:2022,A.5.34,IMPLEMENTS,GDPR:2016/679,Art.20,high,unspecified,,,,PII protection includes data-portability procedures (structured machine-readable export).
ISO27001:2022,A.5.34,IMPLEMENTS,GDPR:2016/679,Art.19,high,unspecified,,,,"PII protection includes recipient-notification procedures when data is rectified, erased, or restricted."
ISO27001:2022,A.5.34,IMPLEMENTS,GDPR:2016/679,Art.18,high,unspecified,,,,PII protection includes processing-restriction procedures triggered by subject requests.
ISO27001:2022,A.5.34,IMPLEMENTS,GDPR:2016/679,Art.17,high,unspecified,,,,PII protection includes erasure procedures — the procedural side of right-to-be-forgotten alongside A.8.10 information deletion.
ISO27001:2022,A.5.34,IMPLEMENTS,GDPR:2016/679,Art.15,high,unspecified,,,,"PII protection includes subject access request procedures — the primary control for fulfilling DSAR identification, search, and response."
ISO27001:2022,A.5.35,IMPLEMENTS,GDPR:2016/679,Art.32.1.d,high,unspecified,,,,Independent review of information security provides the formal evaluation and effectiveness assessment required by Art.32(1)(d).
ISO27001:2022,A.5.35,SUPPORTS,GDPR:2016/679,Art.83,high,unspecified,,,,Independent review produces the documented evidence that demonstrates compliance — the audit trail that mitigates regulatory enforcement.
ISO27001:2022,A.5.35,IMPLEMENTS,GDPR:2016/679,Art.5.2,high,dimension_metadata,,,accountability,"Independent review of information security is the primary ISO mechanism for demonstrating accountability — documented, auditable."
ISO27001:2022,A.5.36,IMPLEMENTS,GDPR:2016/679,Art.5.2,high,dimension_metadata,,,accountability,Compliance with policies and standards requires documented evidence of compliance — the accountability paper trail.
ISO27001:2022,A.5.36,SUPPORTS,GDPR:2016/679,Art.5.1.a,medium,dimension_metadata,,,lawfulness,"Compliance with policies, rules and standards ensures lawfulness obligations are embedded in operational procedures."
ISO27001:2022,A.5.36,SUPPORTS,GDPR:2016/679,Art.83,high,unspecified,,,,Compliance with policies and standards is what Art.83 ultimately rewards — demonstrated compliance reduces administrative fines under the 'effectiveness of measures taken' assessment.
ISO27001:2022,A.5.37,IMPLEMENTS,GDPR:2016/679,Art.22,high,unspecified,,,,Documented operating procedures must define the process for human review of automated decisions when requested by data subjects.
ISO27001:2022,A.5.37,IMPLEMENTS,GDPR:2016/679,Art.14,medium,unspecified,,,,Documented procedures must cover indirect data collection scenarios and the obligation to notify data subjects within one month.
ISO27001:2022,A.5.37,IMPLEMENTS,GDPR:2016/679,Art.19,medium,unspecified,,,,"Documented operating procedures must include the process for notifying recipients when rectification, erasure or restriction has been applied to personal data shared with them."
ISO27001:2022,A.5.37,IMPLEMENTS,GDPR:2016/679,Art.13,medium,unspecified,,,,"Documented operating procedures must define the privacy notice process — what information is provided, when, and in what format."
ISO27001:2022,A.5.37,SUPPORTS,GDPR:2016/679,Art.12,medium,unspecified,,,,"Documented operating procedures must cover data subject communication processes — timely, clear responses to subject requests."
ISO27001:2022,A.5.37,SUPPORTS,GDPR:2016/679,Art.30,medium,unspecified,,,,"Documented operating procedures must include the ROPA maintenance process — how often reviewed, who updates it, change control."
ISO27001:2022,A.6.2,SUPPORTS,GDPR:2016/679,Art.32.4,high,unspecified,,,,Terms and conditions of employment embed data processing obligations contractually — staff bound to process only on instructions.
ISO27001:2022,A.6.2,IMPLEMENTS,GDPR:2016/679,Art.29,high,unspecified,,,,"Terms and conditions of employment must include data processing obligations — staff process personal data only on controller instructions, as required by Art.29."
ISO27001:2022,A.6.3,IMPLEMENTS,GDPR:2016/679,Art.32.4,high,dimension_metadata,,,training;awareness,"Information security awareness, education and training ensures staff processing personal data understand their obligations."
ISO27001:2022,A.6.3,SUPPORTS,GDPR:2016/679,Art.29,high,dimension_metadata,,,training;awareness,Information security awareness and training must cover Art.29 obligations — staff must understand they process data only on documented controller instructions.
ISO27001:2022,A.6.4,SUPPORTS,GDPR:2016/679,Art.32.4,medium,dimension_metadata,,,accountability,Disciplinary process applies where staff violate personal data processing obligations — deterrence and accountability.
ISO27001:2022,A.6.8,ENABLES,GDPR:2016/679,Art.33,high,dimension_metadata,,,awareness,"Information security event reporting by staff is the detection mechanism — staff must report potential breaches immediately to enable the 72-hour clock to start from awareness, not occurrence."
ISO27001:2022,A.7.14,SUPPORTS,GDPR:2016/679,Art.17,medium,unspecified,,,,Secure disposal of equipment must ensure deleted personal data is not recoverable from decommissioned storage media.
ISO27001:2022,A.8.2,IMPLEMENTS,GDPR:2016/679,Art.5.1.f,high,dimension_metadata,,,confidentiality;integrity;access rights,Privileged access rights management implements Art.5.1.f integrity and confidentiality of processing.
ISO27001:2022,A.8.3,IMPLEMENTS,GDPR:2016/679,Art.9,high,dimension_metadata,,,access control,Information access restriction must enforce stricter access controls for special category data — need-to-know at highest level.
ISO27001:2022,A.8.3,IMPLEMENTS,GDPR:2016/679,Art.5.1.f,high,dimension_metadata,,,confidentiality,Information access restriction implements need-to-know principle for personal data — direct confidentiality control.
ISO27001:2022,A.8.3,IMPLEMENTS,GDPR:2016/679,Art.10,high,unspecified,,,,Information access restriction must limit access to criminal convictions data to only those with an explicit legal basis to process it — most restrictive access tier.
ISO27001:2022,A.8.3,IMPLEMENTS,GDPR:2016/679,Art.32.1.b,high,dimension_metadata,,,confidentiality,Information access restriction implements confidentiality at the data level — users access only the personal data they need.
ISO27001:2022,A.8.5,IMPLEMENTS,GDPR:2016/679,Art.32,high,dimension_metadata,,,authentication,Secure authentication is an explicit technical measure for Art.32 security of processing.
ISO27001:2022,A.8.5,IMPLEMENTS,GDPR:2016/679,Art.5.1.f,high,dimension_metadata,,,authentication,Secure authentication prevents unauthorised access to personal data processing systems.
ISO27001:2022,A.8.7,IMPLEMENTS,GDPR:2016/679,Art.5.1.f,high,dimension_metadata,,,confidentiality;integrity,Protection against malware prevents integrity violations and confidentiality breaches affecting personal data.
ISO27001:2022,A.8.7,IMPLEMENTS,GDPR:2016/679,Art.32.1.b,high,dimension_metadata,,,availability;integrity,Protection against malware directly implements integrity and availability of personal data processing systems.
ISO27001:2022,A.8.8,IMPLEMENTS,GDPR:2016/679,Art.32.1.d,high,unspecified,,,,Management of technical vulnerabilities requires regular assessment of security weaknesses — directly implements testing requirement.
ISO27001:2022,A.8.9,SUPPORTS,GDPR:2016/679,Art.22,medium,unspecified,,,,Configuration management of automated decision systems must document the logic used for profiling and automated decisions.
ISO27001:2022,A.8.9,SUPPORTS,GDPR:2016/679,Art.16,medium,unspecified,,,,Configuration management of data processing systems must support amendment of personal data records on subject request.
ISO27001:2022,A.8.9,SUPPORTS,GDPR:2016/679,Art.5.1.d,low,unspecified,,,,Configuration management principles apply to data quality controls in processing systems.
ISO27001:2022,A.8.11,IMPLEMENTS,GDPR:2016/679,Art.32.1.a,high,dimension_metadata,,,pseudonymisation,Data masking implements pseudonymisation — transforming personal data so it cannot be attributed to a data subject without additional information held separately.
ISO27001:2022,A.8.11,SUPPORTS,GDPR:2016/679,Art.9,high,unspecified,,,,"Data masking is particularly important for special category data in test, analytics and reporting environments."
ISO27001:2022,A.8.11,SUPPORTS,GDPR:2016/679,Art.5.1.c,medium,unspecified,,,,"Data masking reduces personal data exposure in non-production environments, supporting minimisation in test/dev contexts."
ISO27001:2022,A.8.11,IMPLEMENTS,GDPR:2016/679,Art.25,high,unspecified,,,,Data masking is a key privacy-by-default technical control — using masked/pseudonymised data by default reduces exposure.
ISO27001:2022,A.8.12,SUPPORTS,GDPR:2016/679,Art.5.1.c,high,dimension_metadata,,,storage limitation;data minimisation,Data masking implements Art.5.1.c data minimisation and Art.5.1.e storage limitation principles.
ISO27001:2022,A.8.13,SUPPORTS,GDPR:2016/679,Art.17,high,dimension_metadata,,,backup,Backup management must address erasure requests — controller must consider whether backup copies must also be erased or overwritten.
ISO27001:2022,A.8.13,SUPPORTS,GDPR:2016/679,Art.16,medium,dimension_metadata,,,backup,Backup systems must accommodate rectification requests — corrections should propagate to backup copies where technically feasible.
ISO27001:2022,A.8.13,IMPLEMENTS,GDPR:2016/679,Art.32.1.c,high,dimension_metadata,,,backup;availability;recovery,"Information backup is the primary technical control for restoring personal data availability — must be tested, offsite, and cover recovery time objectives appropriate to the risk."
ISO27001:2022,A.8.14,SUPPORTS,GDPR:2016/679,Art.32.1.c,high,dimension_metadata,,,backup;recovery,Redundancy prevents the need for restoration in many failure scenarios — a complement to backup/recovery.
ISO27001:2022,A.8.14,IMPLEMENTS,GDPR:2016/679,Art.32.1.b,high,dimension_metadata,,,availability;resilience,Redundancy of information processing facilities implements resilience — processing systems must withstand and recover from failures without loss of data availability.
ISO27001:2022,A.8.15,SUPPORTS,GDPR:2016/679,Art.7,medium,dimension_metadata,,,logging,Logging of consent capture events creates the audit trail demonstrating consent was obtained at the right time.
ISO27001:2022,A.8.15,SUPPORTS,GDPR:2016/679,Art.5.1.f,high,dimension_metadata,,,confidentiality;logging;integrity,Logging provides audit trail demonstrating integrity of personal data processing and detecting confidentiality breaches.
ISO27001:2022,A.8.15,ENABLES,GDPR:2016/679,Art.33,high,dimension_metadata,,,logging,"Logging provides the forensic trail needed to characterise a breach for the mandatory notification content (categories affected, approximate number of records, likely consequences)."
ISO27001:2022,A.8.16,SUPPORTS,GDPR:2016/679,Art.32.1.d,high,dimension_metadata,,,monitoring,Monitoring activities provides continuous testing of security measures — anomaly detection and security event monitoring.
ISO27001:2022,A.8.24,IMPLEMENTS,GDPR:2016/679,Art.5.1.f,high,dimension_metadata,,,confidentiality;integrity;encryption,Cryptography is the primary technical control for integrity and confidentiality of personal data — encryption at rest and in transit.
ISO27001:2022,A.8.24,IMPLEMENTS,GDPR:2016/679,Art.32.1.a,high,dimension_metadata,,,encryption,"Use of cryptography is the direct implementation of the encryption requirement — must cover personal data at rest and in transit, with a documented key management procedure."
ISO27001:2022,A.8.24,IMPLEMENTS,GDPR:2016/679,Art.9,high,dimension_metadata,,,encryption,Cryptography applies with heightened urgency to special category data — encryption at rest and in transit is effectively mandatory.
ISO27001:2022,A.8.24,IMPLEMENTS,GDPR:2016/679,Art.20,high,unspecified,,,,Cryptography must protect portable personal data in transit — the exported dataset must be encrypted for transmission.
ISO27001:2022,A.8.25,IMPLEMENTS,GDPR:2016/679,Art.25,high,unspecified,,,,"Secure development lifecycle is the ISO mechanism for embedding privacy by design — security and privacy requirements built in from the start of development, not bolted on afterwards."
ISO27001:2022,A.8.25,SUPPORTS,GDPR:2016/679,Art.35,high,unspecified,,,,Secure development lifecycle must integrate DPIA as a mandatory step for new systems processing personal data at high risk.
ISO27001:2022,A.8.26,IMPLEMENTS,GDPR:2016/679,Art.25,high,dimension_metadata,,,data minimisation;purpose limitation,"Application security requirements must include data minimisation, purpose limitation and subject rights as functional requirements."
ISO27001:2022,A.8.27,IMPLEMENTS,GDPR:2016/679,Art.25,high,unspecified,,,,Secure system architecture and engineering principles implement privacy by design at the architectural level.
ISO27001:2022,A.8.29,IMPLEMENTS,GDPR:2016/679,Art.32.1.d,high,unspecified,,,,Security testing in development and acceptance implements systematic testing of technical measures protecting personal data.
ISO27001:2022,A.5.20,IMPLEMENTS,GDPR:2016/679,Art.46,high,unspecified,,,,"Addressing security in supplier agreements must cover international transfer safeguards — SCCs, BCRs or other Art.46 mechanisms must be reflected in data processing agreements."
ISO27001:2022,A.5.20,IMPLEMENTS,GDPR:2016/679,Art.28,high,dimension_metadata,,,processor,"Addressing information security within supplier agreements directly implements Art.28 — processor contracts must contain specific GDPR-mandated clauses (subject matter, duration, nature, purpose)."
ISO27001:2022,A.5.20,IMPLEMENTS,GDPR:2016/679,Art.26,high,unspecified,,,,Supplier agreements must include joint controller arrangements with explicit data protection obligations for each party.
ISO27001:2022,A.5.30,IMPLEMENTS,GDPR:2016/679,Art.32.1.c,high,unspecified,,,,ICT readiness for business continuity implements the ability to restore personal data processing in a timely manner after incidents.
ISO27001:2022,A.8.10,ENABLES,GDPR:2016/679,Art.7,high,unspecified,,,,"Information deletion enables withdrawal of consent — when consent is withdrawn, personal data must be deletable on request."
ISO27001:2022,A.8.10,IMPLEMENTS,GDPR:2016/679,Art.5.1.c,high,unspecified,,,,"Information deletion control ensures data no longer adequate, relevant or limited is deleted — direct technical implementation of minimisation."
ISO27001:2022,A.8.10,IMPLEMENTS,GDPR:2016/679,Art.25,high,unspecified,,,,Information deletion with automated retention enforcement implements privacy by default — data deleted automatically when no longer needed.
ISO27001:2022,A.8.10,IMPLEMENTS,GDPR:2016/679,Art.17,high,unspecified,,,,"Information deletion is the primary technical control for the right to be forgotten — secure, verifiable, complete erasure."
ISO27001:2022,A.8.10,IMPLEMENTS,GDPR:2016/679,Art.5.1.e,high,dimension_metadata,,,storage limitation,Information deletion is the primary technical control for storage limitation — data must be deleted when retention period expires.
ISO27001:2022,A.8.20,IMPLEMENTS,GDPR:2016/679,Art.32.1.b,high,dimension_metadata,,,confidentiality;integrity,Network security implements confidentiality and integrity in transit — personal data traversing networks must be protected.
ISO27001:2022,4.1,GOVERNANCE,GDPR:2016/679,Art.5,high,unspecified,,,,Understanding the organisation's context is the foundation for determining how GDPR principles apply to the business.
ISO27001:2022,5.3,SUPPORTS,GDPR:2016/679,Art.24,medium,dimension_metadata,,,accountability,Role and responsibility clarity underlies Art.24 controller accountability — you can't be accountable if roles are undefined.
ISO27001:2022,7.1,SUPPORTS,GDPR:2016/679,Art.24,medium,dimension_metadata,,,accountability,ISMS 7.1 resource allocation is a foundational Art.24 accountability step — controllers must resource their PII-processing controls appropriately.
ISO27001:2022,7.3,SUPPORTS,GDPR:2016/679,Art.29,medium,dimension_metadata,,,processor;training;awareness,Processors and subprocessors act only on documented instructions — Art.29; awareness training encodes this rule for personnel.
ISO27001:2022,9.1,IMPLEMENTS,GDPR:2016/679,Art.5.2,high,dimension_metadata,,,accountability;monitoring,"Monitoring, measurement, analysis and evaluation produces the metrics and records that demonstrate accountability to regulators."
ISO27001:2022,9.1,IMPLEMENTS,GDPR:2016/679,Art.32.1.d,high,dimension_metadata,,,monitoring,"Monitoring, measurement, analysis and evaluation is the ISO management system mechanism for ongoing effectiveness testing."
ISO27001:2022,9.3,SUPPORTS,GDPR:2016/679,Art.24,high,dimension_metadata,,,accountability,Management review produces documented evidence of top management's ongoing accountability for information security and data protection.
ISO27001:2022,9.3,SUPPORTS,GDPR:2016/679,Art.5.2,high,dimension_metadata,,,accountability,Management review demonstrates top management accountability for GDPR compliance at governance level.
ISO27001:2022,6.1.2,IMPLEMENTS,GDPR:2016/679,Art.35,high,dimension_metadata,,,risk assessment,"Information security risk assessment is the ISO framework that most closely aligns with DPIA methodology — Art.35 requires systematic assessment of risks to rights and freedoms, which ISO 6.1.2 structures. DPIA extends this to privacy specifically."
ISO27001:2022,6.1.2,IMPLEMENTS,GDPR:2016/679,Art.32.2,high,dimension_metadata,,,risk assessment,Information security risk assessment is the direct implementation of Art.32(2)'s requirement to assess risks to rights and freedoms when determining appropriate security measures.
ISO27001:2022,6.1.2,GOVERNANCE,GDPR:2016/679,Art.6,high,dimension_metadata,,,risk assessment;lawfulness,"Risk assessment must consider lawfulness risks — processing without a legal basis is a high-probability, high-impact risk."
ISO27001:2022,6.1.2,GOVERNANCE,GDPR:2016/679,Art.5,high,dimension_metadata,,,risk assessment,Risk assessment process identifies and addresses risks to personal data principles — the ISO mechanism for systematic GDPR compliance.
ISO27001:2022,6.1.2,GOVERNANCE,GDPR:2016/679,Art.32,high,dimension_metadata,,,risk assessment,Risk assessment is the explicit mechanism Art.32 requires — 'appropriate to the risk' means a documented risk assessment must justify the measures chosen. ISO 6.1.2 is the framework.
ISO27001:2022,6.1.2,GOVERNANCE,GDPR:2016/679,Art.85,low,dimension_metadata,,,risk assessment,Risk assessment should consider Art.85 scenarios where the organisation's activities involve expression or information rights that may conflict with data subject rights.
ISO27001:2022,6.1.2,GOVERNANCE,GDPR:2016/679,Art.22,high,dimension_metadata,,,risk assessment,Risk assessment must evaluate risks of automated decision-making including profiling — Art.22 requires DPIA in many cases.
ISO27001:2022,6.1.3,SUPPORTS,GDPR:2016/679,Art.24,medium,dimension_metadata,,,accountability,Risk-treatment decisions are documented as part of Art.24 controller-accountability evidence.
GDPR:2016/679,Art.5,GOVERNANCE,ISO27001:2022,4.1,high,unspecified,,,,Understanding the organisation's context is the foundation for determining how GDPR principles apply to the business.
GDPR:2016/679,Art.5,GOVERNANCE,ISO27001:2022,A.5.2,high,dimension_metadata,,,accountability,Information security policy must encompass data protection principles; accountability under Art.5(2) requires documented policy commitment.
GDPR:2016/679,Art.5,GOVERNANCE,ISO27001:2022,6.1.2,high,dimension_metadata,,,risk assessment,Risk assessment process identifies and addresses risks to personal data principles — the ISO mechanism for systematic GDPR compliance.
GDPR:2016/679,Art.5.1.a,SUPPORTS,ISO27001:2022,A.5.36,medium,dimension_metadata,,,lawfulness,"Compliance with policies, rules and standards ensures lawfulness obligations are embedded in operational procedures."
GDPR:2016/679,Art.5.1.a,IMPLEMENTS,ISO27001:2022,A.5.31,high,dimension_metadata,,,lawfulness,"Legal, statutory, regulatory and contractual requirements control directly addresses identifying and complying with GDPR lawfulness obligations as a legal requirement."
GDPR:2016/679,Art.5.1.b,IMPLEMENTS,ISO27001:2022,A.5.12,high,unspecified,,,,Classification of information must include purpose-limitation labels; data classified by purpose prevents secondary use violations.
GDPR:2016/679,Art.5.1.b,SUPPORTS,ISO27001:2022,A.5.9,high,dimension_metadata,,,purpose limitation,Asset inventory must record processing purposes for each personal data asset — foundational requirement for purpose limitation.
GDPR:2016/679,Art.5.1.c,IMPLEMENTS,ISO27001:2022,A.8.10,high,unspecified,,,,"Information deletion control ensures data no longer adequate, relevant or limited is deleted — direct technical implementation of minimisation."
GDPR:2016/679,Art.5.1.c,SUPPORTS,ISO27001:2022,A.8.11,medium,unspecified,,,,"Data masking reduces personal data exposure in non-production environments, supporting minimisation in test/dev contexts."
GDPR:2016/679,Art.5.1.c,ENABLES,ISO27001:2022,A.5.9,high,unspecified,,,,"Asset inventory identifies all personal data holdings — prerequisite to assessing adequacy, relevance and necessity of each dataset."
GDPR:2016/679,Art.5.1.d,SUPPORTS,ISO27001:2022,A.8.9,low,unspecified,,,,Configuration management principles apply to data quality controls in processing systems.
GDPR:2016/679,Art.5.1.d,ENABLES,ISO27001:2022,A.5.9,medium,dimension_metadata,,,accuracy,Asset inventory with data quality metadata supports accuracy obligations by tracking data sources and update frequency.
GDPR:2016/679,Art.5.1.e,IMPLEMENTS,ISO27001:2022,A.8.10,high,dimension_metadata,,,storage limitation,Information deletion is the primary technical control for storage limitation — data must be deleted when retention period expires.
GDPR:2016/679,Art.5.1.e,SUPPORTS,ISO27001:2022,A.5.31,high,unspecified,,,,Legal requirements control encompasses retention obligations under GDPR and intersecting national retention laws.
GDPR:2016/679,Art.5.1.e,IMPLEMENTS,ISO27001:2022,A.5.33,high,unspecified,,,,Protection of records control includes retention schedules — must define and enforce GDPR-compliant retention periods.
GDPR:2016/679,Art.5.1.f,SUPPORTS,ISO27001:2022,A.8.15,high,dimension_metadata,,,confidentiality;logging;integrity,Logging provides audit trail demonstrating integrity of personal data processing and detecting confidentiality breaches.
GDPR:2016/679,Art.5.1.f,IMPLEMENTS,ISO27001:2022,A.8.5,high,dimension_metadata,,,authentication,Secure authentication prevents unauthorised access to personal data processing systems.
GDPR:2016/679,Art.5.1.f,IMPLEMENTS,ISO27001:2022,A.8.7,high,dimension_metadata,,,confidentiality;integrity,Protection against malware prevents integrity violations and confidentiality breaches affecting personal data.
GDPR:2016/679,Art.5.1.f,IMPLEMENTS,ISO27001:2022,A.8.24,high,dimension_metadata,,,confidentiality;integrity;encryption,Cryptography is the primary technical control for integrity and confidentiality of personal data — encryption at rest and in transit.
GDPR:2016/679,Art.5.1.f,IMPLEMENTS,ISO27001:2022,A.5.15,high,dimension_metadata,,,access control;confidentiality,Access control ensures personal data is only accessible to authorised persons — core confidentiality control.
GDPR:2016/679,Art.5.1.f,IMPLEMENTS,ISO27001:2022,A.8.3,high,dimension_metadata,,,confidentiality,Information access restriction implements need-to-know principle for personal data — direct confidentiality control.
GDPR:2016/679,Art.5.2,SUPPORTS,ISO27001:2022,9.3,high,dimension_metadata,,,accountability,Management review demonstrates top management accountability for GDPR compliance at governance level.
GDPR:2016/679,Art.5.2,IMPLEMENTS,ISO27001:2022,9.1,high,dimension_metadata,,,accountability;monitoring,"Monitoring, measurement, analysis and evaluation produces the metrics and records that demonstrate accountability to regulators."
GDPR:2016/679,Art.5.2,IMPLEMENTS,ISO27001:2022,A.5.35,high,dimension_metadata,,,accountability,"Independent review of information security is the primary ISO mechanism for demonstrating accountability — documented, auditable."
GDPR:2016/679,Art.5.2,IMPLEMENTS,ISO27001:2022,A.5.36,high,dimension_metadata,,,accountability,Compliance with policies and standards requires documented evidence of compliance — the accountability paper trail.
GDPR:2016/679,Art.6,GOVERNANCE,ISO27001:2022,6.1.2,high,dimension_metadata,,,risk assessment;lawfulness,"Risk assessment must consider lawfulness risks — processing without a legal basis is a high-probability, high-impact risk."
GDPR:2016/679,Art.6,IMPLEMENTS,ISO27001:2022,A.5.31,high,unspecified,,,,Legal requirements control is the direct ISO mechanism for identifying and documenting the lawful basis for each processing activity — a mandatory GDPR requirement.
GDPR:2016/679,Art.6,ENABLES,ISO27001:2022,A.5.9,high,unspecified,,,,Asset inventory must record the lawful basis for each personal data asset — foundational for demonstrating Art.6 compliance.
GDPR:2016/679,Art.7,IMPLEMENTS,ISO27001:2022,A.5.33,high,unspecified,,,,Protection of records must cover consent records — the controller must be able to demonstrate consent was freely given and specific.
GDPR:2016/679,Art.7,SUPPORTS,ISO27001:2022,A.8.15,medium,dimension_metadata,,,logging,Logging of consent capture events creates the audit trail demonstrating consent was obtained at the right time.
GDPR:2016/679,Art.7,ENABLES,ISO27001:2022,A.8.10,high,unspecified,,,,"Information deletion enables withdrawal of consent — when consent is withdrawn, personal data must be deletable on request."
GDPR:2016/679,Art.7,ENABLES,ISO27001:2022,A.5.9,high,unspecified,,,,Asset inventory must track consent status per data subject and processing activity — prerequisite for consent management.
GDPR:2016/679,Art.9,ENABLES,ISO27001:2022,A.5.9,high,unspecified,,,,Asset inventory must specifically flag special category data assets for additional controls and oversight.
GDPR:2016/679,Art.9,IMPLEMENTS,ISO27001:2022,A.8.24,high,dimension_metadata,,,encryption,Cryptography applies with heightened urgency to special category data — encryption at rest and in transit is effectively mandatory.
GDPR:2016/679,Art.9,IMPLEMENTS,ISO27001:2022,A.8.3,high,dimension_metadata,,,access control,Information access restriction must enforce stricter access controls for special category data — need-to-know at highest level.
GDPR:2016/679,Art.9,IMPLEMENTS,ISO27001:2022,A.5.12,high,unspecified,,,,Information classification must identify special category data and apply heightened classification — explicit GDPR requirement for additional protection of sensitive categories.
GDPR:2016/679,Art.9,SUPPORTS,ISO27001:2022,A.8.11,high,unspecified,,,,"Data masking is particularly important for special category data in test, analytics and reporting environments."
GDPR:2016/679,Art.10,ENABLES,ISO27001:2022,A.5.9,high,unspecified,,,,Asset inventory must specifically flag criminal convictions data assets to ensure additional controls are applied.
GDPR:2016/679,Art.10,IMPLEMENTS,ISO27001:2022,A.8.3,high,unspecified,,,,Information access restriction must limit access to criminal convictions data to only those with an explicit legal basis to process it — most restrictive access tier.
GDPR:2016/679,Art.10,IMPLEMENTS,ISO27001:2022,A.5.12,high,dimension_metadata,,,access control,Information classification must flag criminal convictions data as a special restricted category requiring explicit legal basis and heightened access controls.
GDPR:2016/679,Art.10,IMPLEMENTS,ISO27001:2022,A.5.31,high,unspecified,,,,Legal requirements control must identify the specific legal basis permitting processing of criminal data — only official authorities or specific legal derogations apply.
GDPR:2016/679,Art.12,SUPPORTS,ISO27001:2022,A.5.37,medium,unspecified,,,,"Documented operating procedures must cover data subject communication processes — timely, clear responses to subject requests."
GDPR:2016/679,Art.12,SUPPORTS,ISO27001:2022,A.5.31,high,dimension_metadata,,,transparency,"Legal requirements include GDPR's transparency obligations and prescribed response timeframes (one month, extendable to three)."
GDPR:2016/679,Art.13,ENABLES,ISO27001:2022,A.5.9,high,unspecified,,,,Asset inventory of personal data processing activities is the source from which privacy notice content is derived.
GDPR:2016/679,Art.13,IMPLEMENTS,ISO27001:2022,A.5.37,medium,unspecified,,,,"Documented operating procedures must define the privacy notice process — what information is provided, when, and in what format."
GDPR:2016/679,Art.14,IMPLEMENTS,ISO27001:2022,A.5.37,medium,unspecified,,,,Documented procedures must cover indirect data collection scenarios and the obligation to notify data subjects within one month.
GDPR:2016/679,Art.14,ENABLES,ISO27001:2022,A.5.9,high,unspecified,,,,Asset inventory must capture sources of indirectly obtained data to identify where Art.14 notification obligations apply.
GDPR:2016/679,Art.15,IMPLEMENTS,ISO27001:2022,A.5.34,high,unspecified,,,,"PII protection includes subject access request procedures — the primary control for fulfilling DSAR identification, search, and response."
GDPR:2016/679,Art.15,SUPPORTS,ISO27001:2022,A.5.33,high,unspecified,,,,Records of processing activities (Art.30) provide the structured information required to respond to subject access requests.
GDPR:2016/679,Art.16,IMPLEMENTS,ISO27001:2022,A.5.34,high,dimension_metadata,,,accuracy,PII protection includes rectification procedures for maintaining accuracy of personal data.
GDPR:2016/679,Art.16,SUPPORTS,ISO27001:2022,A.8.9,medium,unspecified,,,,Configuration management of data processing systems must support amendment of personal data records on subject request.
GDPR:2016/679,Art.16,SUPPORTS,ISO27001:2022,A.8.13,medium,dimension_metadata,,,backup,Backup systems must accommodate rectification requests — corrections should propagate to backup copies where technically feasible.
GDPR:2016/679,Art.17,IMPLEMENTS,ISO27001:2022,A.8.10,high,unspecified,,,,"Information deletion is the primary technical control for the right to be forgotten — secure, verifiable, complete erasure."
GDPR:2016/679,Art.17,IMPLEMENTS,ISO27001:2022,A.5.34,high,unspecified,,,,PII protection includes erasure procedures — the procedural side of right-to-be-forgotten alongside A.8.10 information deletion.
GDPR:2016/679,Art.17,SUPPORTS,ISO27001:2022,A.8.13,high,dimension_metadata,,,backup,Backup management must address erasure requests — controller must consider whether backup copies must also be erased or overwritten.
GDPR:2016/679,Art.17,SUPPORTS,ISO27001:2022,A.7.14,medium,unspecified,,,,Secure disposal of equipment must ensure deleted personal data is not recoverable from decommissioned storage media.
GDPR:2016/679,Art.18,IMPLEMENTS,ISO27001:2022,A.5.34,high,unspecified,,,,PII protection includes processing-restriction procedures triggered by subject requests.
GDPR:2016/679,Art.19,IMPLEMENTS,ISO27001:2022,A.5.34,high,unspecified,,,,"PII protection includes recipient-notification procedures when data is rectified, erased, or restricted."
GDPR:2016/679,Art.19,IMPLEMENTS,ISO27001:2022,A.5.37,medium,unspecified,,,,"Documented operating procedures must include the process for notifying recipients when rectification, erasure or restriction has been applied to personal data shared with them."
GDPR:2016/679,Art.20,IMPLEMENTS,ISO27001:2022,A.5.34,high,unspecified,,,,PII protection includes data-portability procedures (structured machine-readable export).
GDPR:2016/679,Art.20,IMPLEMENTS,ISO27001:2022,A.8.24,high,unspecified,,,,Cryptography must protect portable personal data in transit — the exported dataset must be encrypted for transmission.
GDPR:2016/679,Art.20,IMPLEMENTS,ISO27001:2022,A.5.14,high,dimension_metadata,,,integrity;encryption,"Information transfer controls must cover secure provision of portable personal data — format, encryption, integrity verification."
GDPR:2016/679,Art.21,IMPLEMENTS,ISO27001:2022,A.5.34,high,unspecified,,,,PII protection includes objection-handling procedures including opt-out flags for direct marketing/profiling.
GDPR:2016/679,Art.22,GOVERNANCE,ISO27001:2022,6.1.2,high,dimension_metadata,,,risk assessment,Risk assessment must evaluate risks of automated decision-making including profiling — Art.22 requires DPIA in many cases.
GDPR:2016/679,Art.22,SUPPORTS,ISO27001:2022,A.8.9,medium,unspecified,,,,Configuration management of automated decision systems must document the logic used for profiling and automated decisions.
GDPR:2016/679,Art.22,IMPLEMENTS,ISO27001:2022,A.5.37,high,unspecified,,,,Documented operating procedures must define the process for human review of automated decisions when requested by data subjects.
GDPR:2016/679,Art.24,IMPLEMENTS,ISO27001:2022,A.5.2,high,dimension_metadata,,,processor,"Information security roles and responsibilities must include GDPR-specific roles (DPO, controller, processor designations)."
GDPR:2016/679,Art.24,IMPLEMENTS,ISO27001:2022,A.5.4,high,dimension_metadata,,,accountability,Management responsibilities control ensures top management takes accountability for GDPR compliance — Art.24 is a governance obligation.
GDPR:2016/679,Art.24,IMPLEMENTS,ISO27001:2022,A.5.1,high,dimension_metadata,,,accountability,Information security policies demonstrate the controller's commitment to data protection — foundational accountability document.
GDPR:2016/679,Art.24,SUPPORTS,ISO27001:2022,9.3,high,dimension_metadata,,,accountability,Management review produces documented evidence of top management's ongoing accountability for information security and data protection.
GDPR:2016/679,Art.25,IMPLEMENTS,ISO27001:2022,A.8.10,high,unspecified,,,,Information deletion with automated retention enforcement implements privacy by default — data deleted automatically when no longer needed.
GDPR:2016/679,Art.25,IMPLEMENTS,ISO27001:2022,A.8.26,high,dimension_metadata,,,data minimisation;purpose limitation,"Application security requirements must include data minimisation, purpose limitation and subject rights as functional requirements."
GDPR:2016/679,Art.25,IMPLEMENTS,ISO27001:2022,A.8.25,high,unspecified,,,,"Secure development lifecycle is the ISO mechanism for embedding privacy by design — security and privacy requirements built in from the start of development, not bolted on afterwards."
GDPR:2016/679,Art.25,IMPLEMENTS,ISO27001:2022,A.8.27,high,unspecified,,,,Secure system architecture and engineering principles implement privacy by design at the architectural level.
GDPR:2016/679,Art.25,IMPLEMENTS,ISO27001:2022,A.8.11,high,unspecified,,,,Data masking is a key privacy-by-default technical control — using masked/pseudonymised data by default reduces exposure.
GDPR:2016/679,Art.25,SUPPORTS,ISO27001:2022,A.5.8,high,unspecified,,,,Information security in project management ensures privacy requirements are considered for every project involving personal data.
GDPR:2016/679,Art.26,IMPLEMENTS,ISO27001:2022,A.5.19,high,unspecified,,,,Information security in supplier relationships covers joint controller arrangements — security requirements and responsibilities must be defined in joint controller agreements.
GDPR:2016/679,Art.26,IMPLEMENTS,ISO27001:2022,A.5.20,high,unspecified,,,,Supplier agreements must include joint controller arrangements with explicit data protection obligations for each party.
GDPR:2016/679,Art.28,IMPLEMENTS,ISO27001:2022,A.5.20,high,dimension_metadata,,,processor,"Addressing information security within supplier agreements directly implements Art.28 — processor contracts must contain specific GDPR-mandated clauses (subject matter, duration, nature, purpose)."
GDPR:2016/679,Art.28,IMPLEMENTS,ISO27001:2022,A.5.19,high,dimension_metadata,,,processor,Information security in supplier relationships is the primary ISO control for managing data processor relationships — security requirements imposed on all processors by contract.
GDPR:2016/679,Art.28,IMPLEMENTS,ISO27001:2022,A.5.22,high,dimension_metadata,,,processor;monitoring,"Monitoring, review and change management of supplier services implements the Art.28 requirement to audit processors and ensure ongoing compliance with contractual obligations."
GDPR:2016/679,Art.28,SUPPORTS,ISO27001:2022,A.5.21,high,dimension_metadata,,,processor,Managing security in the ICT supply chain extends processor oversight to sub-processors — Art.28 requires controller approval for sub-processor engagements.
GDPR:2016/679,Art.29,SUPPORTS,ISO27001:2022,A.6.3,high,dimension_metadata,,,training;awareness,Information security awareness and training must cover Art.29 obligations — staff must understand they process data only on documented controller instructions.
GDPR:2016/679,Art.29,SUPPORTS,ISO27001:2022,A.5.2,medium,unspecified,,,,Defined information security roles and responsibilities implement the chain of authority required by Art.29.
GDPR:2016/679,Art.29,IMPLEMENTS,ISO27001:2022,A.6.2,high,unspecified,,,,"Terms and conditions of employment must include data processing obligations — staff process personal data only on controller instructions, as required by Art.29."
GDPR:2016/679,Art.30,IMPLEMENTS,ISO27001:2022,A.5.33,high,unspecified,,,,"Protection of records must cover the ROPA itself as a compliance record — must be maintained, protected and available to the DPA."
GDPR:2016/679,Art.30,IMPLEMENTS,ISO27001:2022,A.5.9,high,unspecified,,,,"Inventory of information and associated assets is the ISO equivalent of the ROPA — must be extended to include all GDPR mandatory fields (purpose, lawful basis, retention, recipients)."
GDPR:2016/679,Art.30,SUPPORTS,ISO27001:2022,A.5.37,medium,unspecified,,,,"Documented operating procedures must include the ROPA maintenance process — how often reviewed, who updates it, change control."
GDPR:2016/679,Art.32,SUPPORTS,ISO27001:2022,A.5.1,high,unspecified,,,,Information security policies provide the documented framework for 'appropriate technical and organisational measures'.
GDPR:2016/679,Art.32,GOVERNANCE,ISO27001:2022,6.1.2,high,dimension_metadata,,,risk assessment,Risk assessment is the explicit mechanism Art.32 requires — 'appropriate to the risk' means a documented risk assessment must justify the measures chosen. ISO 6.1.2 is the framework.
GDPR:2016/679,Art.32.1.a,IMPLEMENTS,ISO27001:2022,A.8.24,high,dimension_metadata,,,encryption,"Use of cryptography is the direct implementation of the encryption requirement — must cover personal data at rest and in transit, with a documented key management procedure."
GDPR:2016/679,Art.32.1.a,IMPLEMENTS,ISO27001:2022,A.8.11,high,dimension_metadata,,,pseudonymisation,Data masking implements pseudonymisation — transforming personal data so it cannot be attributed to a data subject without additional information held separately.
GDPR:2016/679,Art.32.1.b,IMPLEMENTS,ISO27001:2022,A.8.3,high,dimension_metadata,,,confidentiality,Information access restriction implements confidentiality at the data level — users access only the personal data they need.
GDPR:2016/679,Art.32.1.b,IMPLEMENTS,ISO27001:2022,A.5.29,high,unspecified,,,,Information security during disruption ensures personal data remains protected and available even during crisis situations.
GDPR:2016/679,Art.32.1.b,IMPLEMENTS,ISO27001:2022,A.8.14,high,dimension_metadata,,,availability;resilience,Redundancy of information processing facilities implements resilience — processing systems must withstand and recover from failures without loss of data availability.
GDPR:2016/679,Art.32.1.b,IMPLEMENTS,ISO27001:2022,A.8.20,high,dimension_metadata,,,confidentiality;integrity,Network security implements confidentiality and integrity in transit — personal data traversing networks must be protected.
GDPR:2016/679,Art.32.1.b,IMPLEMENTS,ISO27001:2022,A.5.15,high,dimension_metadata,,,access control;confidentiality,Access control implements confidentiality — ensures only authorised persons can access personal data processing systems.
GDPR:2016/679,Art.32.1.b,IMPLEMENTS,ISO27001:2022,A.8.7,high,dimension_metadata,,,availability;integrity,Protection against malware directly implements integrity and availability of personal data processing systems.
GDPR:2016/679,Art.32.1.c,IMPLEMENTS,ISO27001:2022,A.5.30,high,unspecified,,,,ICT readiness for business continuity implements the ability to restore personal data processing in a timely manner after incidents.
GDPR:2016/679,Art.32.1.c,IMPLEMENTS,ISO27001:2022,A.8.13,high,dimension_metadata,,,backup;availability;recovery,"Information backup is the primary technical control for restoring personal data availability — must be tested, offsite, and cover recovery time objectives appropriate to the risk."
GDPR:2016/679,Art.32.1.c,SUPPORTS,ISO27001:2022,A.8.14,high,dimension_metadata,,,backup;recovery,Redundancy prevents the need for restoration in many failure scenarios — a complement to backup/recovery.
GDPR:2016/679,Art.32.1.d,IMPLEMENTS,ISO27001:2022,9.1,high,dimension_metadata,,,monitoring,"Monitoring, measurement, analysis and evaluation is the ISO management system mechanism for ongoing effectiveness testing."
GDPR:2016/679,Art.32.1.d,IMPLEMENTS,ISO27001:2022,A.5.35,high,unspecified,,,,Independent review of information security provides the formal evaluation and effectiveness assessment required by Art.32(1)(d).
GDPR:2016/679,Art.32.1.d,IMPLEMENTS,ISO27001:2022,A.8.8,high,unspecified,,,,Management of technical vulnerabilities requires regular assessment of security weaknesses — directly implements testing requirement.
GDPR:2016/679,Art.32.1.d,SUPPORTS,ISO27001:2022,A.8.16,high,dimension_metadata,,,monitoring,Monitoring activities provides continuous testing of security measures — anomaly detection and security event monitoring.
GDPR:2016/679,Art.32.1.d,IMPLEMENTS,ISO27001:2022,A.8.29,high,unspecified,,,,Security testing in development and acceptance implements systematic testing of technical measures protecting personal data.
GDPR:2016/679,Art.32.2,IMPLEMENTS,ISO27001:2022,6.1.2,high,dimension_metadata,,,risk assessment,Information security risk assessment is the direct implementation of Art.32(2)'s requirement to assess risks to rights and freedoms when determining appropriate security measures.
GDPR:2016/679,Art.32.4,SUPPORTS,ISO27001:2022,A.6.4,medium,dimension_metadata,,,accountability,Disciplinary process applies where staff violate personal data processing obligations — deterrence and accountability.
GDPR:2016/679,Art.32.4,SUPPORTS,ISO27001:2022,A.6.2,high,unspecified,,,,Terms and conditions of employment embed data processing obligations contractually — staff bound to process only on instructions.
GDPR:2016/679,Art.32.4,IMPLEMENTS,ISO27001:2022,A.6.3,high,dimension_metadata,,,training;awareness,"Information security awareness, education and training ensures staff processing personal data understand their obligations."
GDPR:2016/679,Art.33,ENABLES,ISO27001:2022,A.8.15,high,dimension_metadata,,,logging,"Logging provides the forensic trail needed to characterise a breach for the mandatory notification content (categories affected, approximate number of records, likely consequences)."
GDPR:2016/679,Art.33,ENABLES,ISO27001:2022,A.6.8,high,dimension_metadata,,,awareness,"Information security event reporting by staff is the detection mechanism — staff must report potential breaches immediately to enable the 72-hour clock to start from awareness, not occurrence."
GDPR:2016/679,Art.33,IMPLEMENTS,ISO27001:2022,A.5.25,high,unspecified,,,,Assessment and decision on information security events implements the triage process that determines whether a breach has occurred and whether it must be notified.
GDPR:2016/679,Art.33,IMPLEMENTS,ISO27001:2022,A.5.24,high,dimension_metadata,,,incident response,"Incident management planning and preparation is the foundation for Art.33 compliance — 72-hour notification requires a pre-planned, rehearsed incident response process."
GDPR:2016/679,Art.33,IMPLEMENTS,ISO27001:2022,A.5.26,high,unspecified,,,,Response to information security incidents implements the breach containment and notification workflow — includes DPA notification.
GDPR:2016/679,Art.33,IMPLEMENTS,ISO27001:2022,A.5.28,high,unspecified,,,,Collection of evidence supports the breach documentation requirements — Art.33(5) requires all breaches to be documented including those not notified to the DPA.
GDPR:2016/679,Art.34,SUPPORTS,ISO27001:2022,A.5.24,high,unspecified,,,,Incident management planning must pre-define the criteria and process for data subject notification — cannot be improvised during a live breach response.
GDPR:2016/679,Art.34,IMPLEMENTS,ISO27001:2022,A.5.26,high,dimension_metadata,,,incident response,Incident response must include the data subject communication workflow — Art.34 requires notification without undue delay when breach is likely to result in high risk to subjects.
GDPR:2016/679,Art.35,IMPLEMENTS,ISO27001:2022,A.5.8,high,unspecified,,,,Information security in project management must include DPIA as a required gate for projects involving high-risk processing.
GDPR:2016/679,Art.35,IMPLEMENTS,ISO27001:2022,6.1.2,high,dimension_metadata,,,risk assessment,"Information security risk assessment is the ISO framework that most closely aligns with DPIA methodology — Art.35 requires systematic assessment of risks to rights and freedoms, which ISO 6.1.2 structures. DPIA extends this to privacy specifically."
GDPR:2016/679,Art.35,SUPPORTS,ISO27001:2022,A.8.25,high,unspecified,,,,Secure development lifecycle must integrate DPIA as a mandatory step for new systems processing personal data at high risk.
GDPR:2016/679,Art.35,SUPPORTS,ISO27001:2022,A.5.31,medium,dimension_metadata,,,monitoring,"Legal requirements control must include DPIA obligations — identifying when a DPIA is legally required (profiling, systematic monitoring, large-scale special category processing)."
GDPR:2016/679,Art.37,IMPLEMENTS,ISO27001:2022,A.5.2,high,unspecified,,,,"Information security roles and responsibilities must include the DPO role — designation, independence, tasks and reporting line should be documented here."
GDPR:2016/679,Art.37,SUPPORTS,ISO27001:2022,A.5.4,high,unspecified,,,,Management responsibilities must include the DPO in governance structures — top management must ensure DPO has resources and access required by Arts.37-39.
GDPR:2016/679,Art.38,SUPPORTS,ISO27001:2022,A.5.3,medium,unspecified,,,,Segregation of duties supports DPO independence — the DPO must not be in a position that creates a conflict of interest with their data protection oversight role.
GDPR:2016/679,Art.38,IMPLEMENTS,ISO27001:2022,A.5.4,high,unspecified,,,,Management responsibilities include ensuring the DPO has access to top management and the resources to perform their tasks.
GDPR:2016/679,Art.44,IMPLEMENTS,ISO27001:2022,A.5.31,high,unspecified,,,,"Legal, statutory and regulatory requirements must include the transfer restrictions under Chapter V — adequacy decisions, standard contractual clauses, binding corporate rules."
GDPR:2016/679,Art.45,IMPLEMENTS,ISO27001:2022,A.5.31,high,dimension_metadata,,,monitoring,Legal requirements control must track adequacy decisions — the list of adequate countries changes; compliance requires monitoring Commission decisions and adjusting transfer practices.
GDPR:2016/679,Art.45,IMPLEMENTS,ISO27001:2022,A.5.22,high,dimension_metadata,,,monitoring,Monitoring and review of supplier services must include adequacy status of third-country recipients — a previously adequate country losing adequacy (as with US Privacy Shield) requires immediate action.
GDPR:2016/679,Art.45,SUPPORTS,ISO27001:2022,A.5.19,medium,unspecified,,,,Supplier relationship security must assess transfer destinations for adequacy before personal data is shared internationally.
GDPR:2016/679,Art.46,IMPLEMENTS,ISO27001:2022,A.5.14,high,dimension_metadata,,,encryption,"Information transfer controls must address international transfers specifically — encryption, lawful basis verification, adequacy confirmation before transfer."
GDPR:2016/679,Art.46,IMPLEMENTS,ISO27001:2022,A.5.20,high,unspecified,,,,"Addressing security in supplier agreements must cover international transfer safeguards — SCCs, BCRs or other Art.46 mechanisms must be reflected in data processing agreements."
GDPR:2016/679,Art.46,SUPPORTS,ISO27001:2022,A.5.19,high,dimension_metadata,,,processor,Supplier relationship security must assess third-country processors for GDPR transfer compliance — adequacy or safeguards in place.
GDPR:2016/679,Art.83,SUPPORTS,ISO27001:2022,A.5.35,high,unspecified,,,,Independent review produces the documented evidence that demonstrates compliance — the audit trail that mitigates regulatory enforcement.
GDPR:2016/679,Art.83,SUPPORTS,ISO27001:2022,A.5.36,high,unspecified,,,,Compliance with policies and standards is what Art.83 ultimately rewards — demonstrated compliance reduces administrative fines under the 'effectiveness of measures taken' assessment.
GDPR:2016/679,Art.85,GOVERNANCE,ISO27001:2022,6.1.2,low,dimension_metadata,,,risk assessment,Risk assessment should consider Art.85 scenarios where the organisation's activities involve expression or information rights that may conflict with data subject rights.
GDPR:2016/679,Art.85,IMPLEMENTS,ISO27001:2022,A.5.31,medium,unspecified,,,,"Legal requirements control must identify where national law derogations under Art.85 apply — journalistic, academic, artistic or literary purposes may override standard GDPR requirements."
ISO27701:2019,A.7.2.1,IMPLEMENTS,GDPR:2016/679,Art.32.4,medium,dimension_metadata,,,processor,27701 A.7.2.1 supports GDPR Art.32.4 — processors act only on documented instructions from the controller including on stated purposes.
ISO27701:2019,A.7.2.1,IMPLEMENTS,GDPR:2016/679,Art.5.1.b,high,dimension_metadata,,,purpose limitation,27701 A.7.2.1 operationalises GDPR Art.5.1.b purpose limitation — the specific purposes principle must be documented before processing begins.
ISO27701:2019,A.7.2.1,SUPPORTS,ISO27001:2022,A.5.34,high,unspecified,,,,27701 A.7.2.1 identify and document purpose of PII processing implements 27001 A.5.34 privacy protection through purpose specification — the foundational scoping decision.
ISO27701:2019,A.7.2.2,IMPLEMENTS,GDPR:2016/679,Art.22.2,medium,unspecified,,,,27701 A.7.2.2 covers Art.22.2 — automated decision-making requires specific basis (contract necessity / MS law / explicit consent) as part of the lawful basis catalog.
ISO27701:2019,A.7.2.2,IMPLEMENTS,GDPR:2016/679,Art.9.2.a,high,unspecified,,,,27701 A.7.2.2 covers special-category dual-basis requirement — Art.9.2.a-j basis in addition to Art.6.
ISO27701:2019,A.7.2.2,IMPLEMENTS,GDPR:2016/679,Art.6.1.a,high,dimension_metadata,,,lawfulness,27701 A.7.2.2 is the certifiable operationalisation of GDPR Art.6 lawfulness of processing — determining + documenting the Art.6.1.a-f basis per activity.
ISO27701:2019,A.7.2.2,IMPLEMENTS,GDPR:2016/679,Art.5.1.a,high,dimension_metadata,,,lawfulness,27701 A.7.2.2 operationalises GDPR Art.5.1.a lawfulness principle — every processing activity must have a documented lawful basis.
ISO27701:2019,A.7.2.2,SUPPORTS,ISO27001:2022,A.5.31,medium,unspecified,,,,Lawful-basis identification depends on legal / statutory / regulatory requirements catalogued under 27001 A.5.31.
ISO27701:2019,A.7.2.2,SUPPORTS,ISO27001:2022,A.5.34,high,unspecified,,,,27701 A.7.2.2 identifying lawful basis implements 27001 A.5.34 by grounding processing legitimacy in law.
ISO27701:2019,A.7.2.2,IMPLEMENTS,GDPR:2016/679,Art.8,medium,stub_needed,Art.8.3,,,27701 A.7.2.2 covers Art.8.3 — Member State children-consent age variations factor into the basis catalog.
ISO27701:2019,A.7.2.3,SUPPORTS,ISO27001:2022,A.5.34,high,unspecified,,,,27701 A.7.2.3 determining when consent is required is a scoping decision that implements 27001 A.5.34 privacy protection.
ISO27701:2019,A.7.2.3,IMPLEMENTS,GDPR:2016/679,Art.8,high,dimension_metadata,,,authorisation,27701 A.7.2.3 operationalises GDPR Art.8 — determining when child-consent (with parental authorisation where applicable) is required.
ISO27701:2019,A.7.2.4,IMPLEMENTS,GDPR:2016/679,Art.9.2.a,medium,unspecified,,,,27701 A.7.2.4 covers Art.9.2.a explicit consent for special-category data.
ISO27701:2019,A.7.2.4,SUPPORTS,ISO27001:2022,A.5.9,medium,unspecified,,,,Consent records are a class of information whose retention + management falls under 27001 A.5.9 inventory / asset lifecycle controls.
ISO27701:2019,A.7.2.4,SUPPORTS,ISO27001:2022,A.5.34,high,unspecified,,,,27701 A.7.2.4 obtaining + recording consent operationalises 27001 A.5.34 through evidence of lawful basis.
ISO27701:2019,A.7.2.4,IMPLEMENTS,GDPR:2016/679,Art.7,high,unspecified,,,,"27701 A.7.2.4 is the certifiable operationalisation of GDPR Art.7 conditions for consent — demonstrable, freely given, specific, unambiguous."
ISO27701:2019,A.7.2.5,SUPPORTS,ISO27001:2022,6.1.2,high,dimension_metadata,,,impact assessment;risk assessment,Privacy impact assessment is a specialised form of 27001 6.1.2 information security risk assessment applied to PII scope.
ISO27701:2019,A.7.2.5,SUPPORTS,ISO27001:2022,A.5.34,high,dimension_metadata,,,impact assessment,27701 A.7.2.5 privacy impact assessment operationalises 27001 A.5.34 by identifying + treating PII-specific risks.
ISO27701:2019,A.7.2.5,IMPLEMENTS,GDPR:2016/679,Art.36,high,unspecified,,,,"27701 A.7.2.5 operationalises GDPR Art.36 prior consultation — where residual high risk remains after DPIA, SA is consulted."
ISO27701:2019,A.7.2.5,IMPLEMENTS,GDPR:2016/679,Art.35,high,dimension_metadata,,,impact assessment,"27701 A.7.2.5 is the certifiable operationalisation of GDPR Art.35 Data Protection Impact Assessment — triggers, assessment scope, mitigations, DPO opinion."
ISO27701:2019,A.7.2.6,IMPLEMENTS,GDPR:2016/679,Art.28.3,high,dimension_metadata,,,processor,27701 A.7.2.6 is the certifiable operationalisation of GDPR Art.28 processor — mandatory Art.28.3 contract terms + Art.28.9 written form.
ISO27701:2019,A.7.2.6,IMPLEMENTS,GDPR:2016/679,Art.5.2,medium,dimension_metadata,,,accountability,27701 A.7.2.6 supports GDPR Art.5.2 accountability — the written contract is a demonstration artefact.
ISO27701:2019,A.7.2.6,SUPPORTS,ISO27001:2022,A.6.6,medium,dimension_metadata,,,confidentiality;processor,"27701 A.7.2.6 processor contract terms include NDA-like confidentiality obligations, aligning with 27001 A.6.6 confidentiality / NDA controls."
ISO27701:2019,A.7.2.6,SUPPORTS,ISO27001:2022,A.5.22,medium,dimension_metadata,,,processor;monitoring,"27701 A.7.2.6 supports 27001 A.5.22 monitoring, review and change management of supplier services — processor contracts are the vehicle for the review + audit rights."
ISO27701:2019,A.7.2.6,SUPPORTS,ISO27001:2022,A.5.20,high,dimension_metadata,,,processor,27701 A.7.2.6 privacy-augments 27001 A.5.20 addressing information security within supplier agreements — adds the Art.28 processor-specific contract terms.
ISO27701:2019,A.7.2.6,SUPPORTS,ISO27001:2022,A.5.19,high,unspecified,,,,27701 A.7.2.6 privacy-augments the general supplier information-security policy at 27001 A.5.19 with the additional Art.28-alignment terms + Annex B implementation requirement.
ISO27701:2019,A.7.2.7,SUPPORTS,ISO27001:2022,A.5.34,medium,unspecified,,,,Joint controllership is a PII-specific arrangement type under 27001 A.5.34 privacy protection.
ISO27701:2019,A.7.2.7,SUPPORTS,ISO27001:2022,A.5.19,high,unspecified,,,,27701 A.7.2.7 joint PII controller arrangements are a supplier-relationship instance covered by 27001 A.5.19 information security in supplier relationships.
ISO27701:2019,A.7.2.7,IMPLEMENTS,GDPR:2016/679,Art.26,high,unspecified,,,,27701 A.7.2.7 is the certifiable operationalisation of GDPR Art.26 joint controllers — arrangement + essence publication + subject rights against either party.
ISO27701:2019,A.7.2.8,IMPLEMENTS,GDPR:2016/679,Art.30.1,high,unspecified,,,,27701 A.7.2.8 is the certifiable operationalisation of GDPR Art.30.1 controller Records of Processing Activities.
ISO27701:2019,A.7.2.8,IMPLEMENTS,GDPR:2016/679,Art.24.1,medium,unspecified,,,,27701 A.7.2.8 supports GDPR Art.24.1 — RoPA demonstrates controller has implemented appropriate technical + organizational measures.
ISO27701:2019,A.7.2.8,IMPLEMENTS,GDPR:2016/679,Art.5.2,medium,dimension_metadata,,,accountability,27701 A.7.2.8 supports GDPR Art.5.2 accountability — RoPA is a core accountability demonstration artefact.
ISO27701:2019,A.7.2.8,SUPPORTS,ISO27001:2022,A.5.9,medium,unspecified,,,,"27701 A.7.2.8 RoPA is a records-program artefact analogous to 27001 A.5.9 asset register — same records-program spine, differs by scope (PII processing activities vs information/associated assets)."
ISO27701:2019,B.8.2.1,IMPLEMENTS,GDPR:2016/679,Art.35.1,medium,dimension_metadata,,,processor,27701 B.8.2.1 covers Art.35.1 processor DPIA support obligation.
ISO27701:2019,B.8.2.1,IMPLEMENTS,GDPR:2016/679,Art.28.3.f,high,dimension_metadata,,,processor,"27701 B.8.2.1 operationalises GDPR Art.28.3.e + Art.28.3.f + Art.28.9 — processor contract addressing assistance with subject rights + security of processing, in writing."
ISO27701:2019,B.8.2.1,SUPPORTS,ISO27001:2022,A.5.19,high,dimension_metadata,,,processor,27701 B.8.2.1 mirrors 27001 A.5.19 from the processor side — the customer agreement is the supplier-relationship equivalent for the processor.
ISO27701:2019,B.8.2.2,IMPLEMENTS,GDPR:2016/679,Art.32.4,medium,dimension_metadata,,,processor,27701 B.8.2.2 supports Art.32.4 — processor + persons acting under its authority only process on instructions.
ISO27701:2019,B.8.2.2,IMPLEMENTS,GDPR:2016/679,Art.28.3.a,high,dimension_metadata,,,processor,27701 B.8.2.2 is the certifiable operationalisation of GDPR Art.28.3.a — processor acts only on documented instructions.
ISO27701:2019,B.8.2.2,IMPLEMENTS,GDPR:2016/679,Art.5.1.a,medium,dimension_metadata,,,processor;purpose limitation;lawfulness,27701 B.8.2.2 operationalises GDPR Art.5.1.a lawfulness + Art.5.1.b purpose limitation from processor side.
ISO27701:2019,B.8.2.2,SUPPORTS,ISO27001:2022,A.5.20,high,unspecified,,,,27701 B.8.2.2 processing only for organisation-authorised purposes is a supplier-agreement term covered by 27001 A.5.20.
ISO27701:2019,B.8.2.2,IMPLEMENTS,GDPR:2016/679,Art.29,high,dimension_metadata,,,processor,27701 B.8.2.2 operationalises GDPR Art.29 — processor + anyone acting under its authority processes PII only on controller instructions.
ISO27701:2019,B.8.2.3,IMPLEMENTS,GDPR:2016/679,Art.7.4,high,unspecified,,,,27701 B.8.2.3 operationalises GDPR Art.7.4 — consent for processing not freely given if service is conditional on consent for unrelated processing.
ISO27701:2019,B.8.2.3,SUPPORTS,ISO27001:2022,A.5.20,high,unspecified,,,,27701 B.8.2.3 marketing/advertising use restriction is a supplier-agreement term under 27001 A.5.20.
ISO27701:2019,B.8.2.4,IMPLEMENTS,GDPR:2016/679,Art.28.3.h,high,dimension_metadata,,,processor,27701 B.8.2.4 operationalises GDPR Art.28.3.h — processor immediately informs controller if an instruction infringes GDPR or applicable law.
ISO27701:2019,B.8.2.4,SUPPORTS,ISO27001:2022,A.5.20,high,unspecified,,,,27701 B.8.2.4 handling of infringing controller instructions is a supplier-agreement clause under 27001 A.5.20.
ISO27701:2019,B.8.2.5,IMPLEMENTS,GDPR:2016/679,Art.28.3.h,high,dimension_metadata,,,processor,27701 B.8.2.5 operationalises GDPR Art.28.3.h — processor makes available information necessary to demonstrate controller compliance + contributes to audits.
ISO27701:2019,B.8.2.5,SUPPORTS,ISO27001:2022,A.5.19,high,dimension_metadata,,,processor,27701 B.8.2.5 customer obligations to the processor is a supplier-relationship term under 27001 A.5.19.
ISO27701:2019,B.8.2.6,IMPLEMENTS,GDPR:2016/679,Art.30.2,high,dimension_metadata,,,processor,27701 B.8.2.6 is the certifiable operationalisation of GDPR Art.30.2 processor Records of Processing Activities.
ISO27701:2019,B.8.2.6,SUPPORTS,ISO27001:2022,A.5.9,medium,dimension_metadata,,,processor,27701 B.8.2.6 processor RoPA is the processor-side records-program artefact analogous to 27001 A.5.9 asset register.
ISO27701:2019,A.7.3.1,SUPPORTS,ISO27001:2022,A.5.31,medium,unspecified,,,,PII principal rights are grounded in legal/regulatory requirements catalogued under 27001 A.5.31.
ISO27701:2019,A.7.3.1,SUPPORTS,ISO27001:2022,A.5.34,high,unspecified,,,,27701 A.7.3.1 determining + fulfilling PII principal obligations operationalises 27001 A.5.34 privacy protection.
ISO27701:2019,A.7.3.1,IMPLEMENTS,GDPR:2016/679,Art.12,high,unspecified,,,,"27701 A.7.3.1 operationalises GDPR Art.12 — transparent information provision, communication + modalities for exercise of rights."
ISO27701:2019,A.7.3.2,SUPPORTS,ISO27001:2022,A.5.34,high,dimension_metadata,,,transparency,27701 A.7.3.2 determining information for PII principals scopes the transparency artefacts required by 27001 A.5.34.
ISO27701:2019,A.7.3.2,IMPLEMENTS,GDPR:2016/679,Art.14,high,unspecified,,,,27701 A.7.3.2 also covers Art.14 indirect-collection additional fields (source of PII).
ISO27701:2019,A.7.3.2,IMPLEMENTS,GDPR:2016/679,Art.13,high,unspecified,,,,27701 A.7.3.2 determines the information provided to subjects — direct-collection Art.13 fields.
ISO27701:2019,A.7.3.3,IMPLEMENTS,GDPR:2016/679,Art.12.1,high,unspecified,,,,"27701 A.7.3.3 delivery of notice operationalises Art.12.1 concise, transparent, intelligible + easily accessible form."
ISO27701:2019,A.7.3.3,SUPPORTS,ISO27001:2022,A.5.34,high,dimension_metadata,,,transparency,27701 A.7.3.3 providing information to PII principals delivers the transparency artefacts required by 27001 A.5.34.
ISO27701:2019,A.7.3.3,IMPLEMENTS,GDPR:2016/679,Art.13,medium,stub_needed,Art.13.3,,,27701 A.7.3.3 timing of provision — at time of collection per Art.13.3.
ISO27701:2019,A.7.3.4,IMPLEMENTS,GDPR:2016/679,Art.7.3,high,unspecified,,,,27701 A.7.3.4 consent withdrawal mechanism operationalises Art.7.3 — as easy to withdraw as to give consent.
ISO27701:2019,A.7.3.4,SUPPORTS,ISO27001:2022,A.5.16,high,unspecified,,,,27701 A.7.3.4 consent modify / withdraw depends on identifying + authenticating the PII principal — 27001 A.5.16 identity management is the general control the extension leverages.
ISO27701:2019,A.7.3.4,SUPPORTS,ISO27001:2022,A.5.34,high,unspecified,,,,27701 A.7.3.4 providing consent modification / withdrawal mechanisms operationalises 27001 A.5.34 respect for principal choice.
ISO27701:2019,A.7.3.4,IMPLEMENTS,GDPR:2016/679,Art.18,medium,unspecified,,,,27701 A.7.3.4 modification of consent covers Art.18 restriction of processing scenarios.
ISO27701:2019,A.7.3.5,SUPPORTS,ISO27001:2022,A.5.34,high,unspecified,,,,27701 A.7.3.5 objection-to-processing mechanism operationalises 27001 A.5.34 respect for principal choice.
ISO27701:2019,A.7.3.5,IMPLEMENTS,GDPR:2016/679,Art.21,high,unspecified,,,,27701 A.7.3.5 objection mechanism is the certifiable operationalisation of Art.21 right to object.
ISO27701:2019,A.7.3.6,IMPLEMENTS,GDPR:2016/679,Art.15,high,unspecified,,,,27701 A.7.3.6 access operationalises Art.15 right of access.
ISO27701:2019,A.7.3.6,IMPLEMENTS,GDPR:2016/679,Art.17,high,unspecified,,,,27701 A.7.3.6 erasure operationalises Art.17 right to erasure.
ISO27701:2019,A.7.3.6,IMPLEMENTS,GDPR:2016/679,Art.16,high,unspecified,,,,27701 A.7.3.6 correction operationalises Art.16 rectification.
ISO27701:2019,A.7.3.6,SUPPORTS,ISO27001:2022,A.8.10,high,unspecified,,,,27701 A.7.3.6 erasure right rides on top of 27001 A.8.10 information deletion — the operational deletion capability is the technical implementation of the privacy right.
ISO27701:2019,A.7.3.7,SUPPORTS,ISO27001:2022,A.5.19,medium,unspecified,,,,Third-party propagation depends on the supplier-relationship management framework under 27001 A.5.19.
ISO27701:2019,A.7.3.7,SUPPORTS,ISO27001:2022,A.5.34,high,unspecified,,,,27701 A.7.3.7 informing third parties of principal-initiated changes propagates 27001 A.5.34 protection downstream.
ISO27701:2019,A.7.3.7,IMPLEMENTS,GDPR:2016/679,Art.19,high,unspecified,,,,27701 A.7.3.7 is the certifiable operationalisation of Art.19 notification obligation regarding rectification/erasure/restriction.
ISO27701:2019,A.7.3.8,IMPLEMENTS,GDPR:2016/679,Art.15.3,high,unspecified,,,,27701 A.7.3.8 provides copy of PII per Art.15.3.
ISO27701:2019,A.7.3.8,SUPPORTS,ISO27001:2022,A.5.34,high,unspecified,,,,27701 A.7.3.8 providing PII copies to principals operationalises 27001 A.5.34 access-to-own-data protection.
ISO27701:2019,A.7.3.8,IMPLEMENTS,GDPR:2016/679,Art.20,high,unspecified,,,,27701 A.7.3.8 structured commonly-used machine-readable format aligns with Art.20 portability.
ISO27701:2019,A.7.3.9,SUPPORTS,ISO27001:2022,A.5.27,medium,unspecified,,,,Request-handling patterns feed the incident-learning loop at 27001 A.5.27 when patterns emerge (e.g. surge in erasure requests indicates a systemic issue).
ISO27701:2019,A.7.3.9,SUPPORTS,ISO27001:2022,A.5.17,medium,dimension_metadata,,,authentication,Verifying requestor identity for PII principal requests leans on the authentication controls at 27001 A.5.17.
ISO27701:2019,A.7.3.9,SUPPORTS,ISO27001:2022,A.5.16,high,unspecified,,,,27701 A.7.3.9 handling requests requires identity verification of the requestor — 27001 A.5.16 identity management is the general control.
ISO27701:2019,A.7.3.9,SUPPORTS,ISO27001:2022,A.5.34,high,unspecified,,,,27701 A.7.3.9 handling PII principal requests is the operational surface of 27001 A.5.34 privacy protection.
ISO27701:2019,A.7.3.9,IMPLEMENTS,GDPR:2016/679,Art.12,high,unspecified,,,,27701 A.7.3.9 request handling operationalises Art.12 modalities for exercise of rights + response-time obligations.
ISO27701:2019,A.7.3.10,IMPLEMENTS,GDPR:2016/679,Art.22.1,high,unspecified,,,,27701 A.7.3.10 covers subject-facing obligations for automated decision-making — Art.22.1 + Art.22.3 human intervention + Art.22.4 explicit consent for Art.9 data.
ISO27701:2019,A.7.3.10,SUPPORTS,ISO27001:2022,A.5.34,high,unspecified,,,,27701 A.7.3.10 automated decision-making controls are a PII-specific application of 27001 A.5.34 protection.
ISO27701:2019,A.7.3.10,IMPLEMENTS,GDPR:2016/679,Art.13,medium,stub_needed,Art.13.2.f,,,27701 A.7.3.10 notification of existence — Art.13.2.f + Art.14.2.g automated-decision disclosure at collection.
ISO27701:2019,A.7.4.1,IMPLEMENTS,GDPR:2016/679,Art.5.1.b,high,dimension_metadata,,,data minimisation;purpose limitation,27701 A.7.4.1 collection limitation operationalises Art.5.1.b purpose limitation + Art.5.1.c data minimisation.
ISO27701:2019,A.7.4.1,SUPPORTS,ISO27001:2022,A.5.34,high,unspecified,,,,27701 A.7.4.1 limit collection operationalises 27001 A.5.34 minimisation principle at the collection interface.
ISO27701:2019,A.7.4.2,IMPLEMENTS,GDPR:2016/679,Art.25.2,high,unspecified,,,,27701 A.7.4.2 processing limitation implements Art.25.2 privacy by default — only PII necessary for each specific purpose processed by default.
ISO27701:2019,A.7.4.2,SUPPORTS,ISO27001:2022,A.5.34,high,unspecified,,,,27701 A.7.4.2 limit processing operationalises 27001 A.5.34 minimisation principle at the processing layer.
ISO27701:2019,A.7.4.3,IMPLEMENTS,GDPR:2016/679,Art.5.1.d,high,dimension_metadata,,,accuracy,27701 A.7.4.3 accuracy operationalises Art.5.1.d accuracy principle.
ISO27701:2019,A.7.4.3,SUPPORTS,ISO27001:2022,A.5.34,high,dimension_metadata,,,accuracy;integrity,27701 A.7.4.3 accuracy and quality of PII operationalises 27001 A.5.34 data-integrity aspect of privacy protection.
ISO27701:2019,A.7.4.4,IMPLEMENTS,GDPR:2016/679,Art.5.1.c,medium,dimension_metadata,,,storage limitation;data minimisation,27701 A.7.4.4 minimisation operationalises Art.5.1.c data minimisation + Art.5.1.e storage limitation.
ISO27701:2019,A.7.4.4,IMPLEMENTS,GDPR:2016/679,Art.25.1,high,dimension_metadata,,,pseudonymisation;data minimisation,27701 A.7.4.4 minimisation objectives operationalise Art.25.1 privacy by design — pseudonymisation + data minimisation techniques.
ISO27701:2019,A.7.4.4,SUPPORTS,ISO27001:2022,A.5.13,medium,unspecified,,,,27701 A.7.4.4 PII minimisation objectives leverage classification labels at 27001 A.5.13 to make minimisation decisions per data class.
ISO27701:2019,A.7.4.4,SUPPORTS,ISO27001:2022,A.5.34,high,unspecified,,,,27701 A.7.4.4 PII minimisation objectives directly implement 27001 A.5.34 minimisation principle at the policy layer.
ISO27701:2019,A.7.4.5,IMPLEMENTS,GDPR:2016/679,Art.32.1.a,medium,dimension_metadata,,,pseudonymisation,27701 A.7.4.5 de-identification operationalises Art.32.1.a pseudonymisation as a security measure.
ISO27701:2019,A.7.4.5,IMPLEMENTS,GDPR:2016/679,Art.5.1.c,high,dimension_metadata,,,storage limitation,27701 A.7.4.5 end-of-processing deletion / de-identification operationalises Art.5.1.c minimisation + Art.5.1.e storage limitation.
ISO27701:2019,A.7.4.5,SUPPORTS,ISO27001:2022,A.6.5,medium,unspecified,,,,27701 A.7.4.5 deletion extends to cleanup of PII access held by employees at 27001 A.6.5 post-termination handling.
ISO27701:2019,A.7.4.5,SUPPORTS,ISO27001:2022,A.5.11,medium,unspecified,,,,27701 A.7.4.5 PII de-identification / deletion at end of processing is a specific instance of the general end-of-lifecycle asset-return pattern at 27001 A.5.11.
ISO27701:2019,A.7.4.5,IMPLEMENTS,GDPR:2016/679,Art.6,medium,stub_needed,Art.6.4.e,,,27701 A.7.4.5 supports Art.6.4.e — compatibility test via de-identification for further processing.
ISO27701:2019,A.7.4.5,SUPPORTS,ISO27001:2022,A.5.9,medium,unspecified,,,,27701 A.7.4.5 requires reconciling with the asset/data inventory to ensure all copies deleted — asset register (27001 A.5.9) is the reconciliation source.
ISO27701:2019,A.7.4.5,SUPPORTS,ISO27001:2022,A.8.10,high,unspecified,,,,27701 A.7.4.5 delete-or-deidentify at end of processing uses 27001 A.8.10 information deletion as the operational vehicle.
ISO27701:2019,A.7.4.6,IMPLEMENTS,GDPR:2016/679,Art.5.1.c,medium,unspecified,,,,27701 A.7.4.6 temp file disposal supports Art.5.1.c minimisation applied to transient PII.
ISO27701:2019,A.7.4.6,SUPPORTS,ISO27001:2022,A.5.34,medium,unspecified,,,,Temporary-file discipline is a privacy-protection concern under 27001 A.5.34 — transient PII must be cleaned up.
ISO27701:2019,A.7.4.6,SUPPORTS,ISO27001:2022,A.8.10,high,unspecified,,,,27701 A.7.4.6 temporary files handling operationalises 27001 A.8.10 information deletion for transient PII copies.
ISO27701:2019,A.7.4.7,IMPLEMENTS,GDPR:2016/679,Art.13.2.a,high,unspecified,,,,27701 A.7.4.7 retention schedules underpin Art.13.2.a storage period disclosure.
ISO27701:2019,A.7.4.7,SUPPORTS,ISO27001:2022,A.5.33,high,unspecified,,,,27701 A.7.4.7 PII retention schedules coexist with 27001 A.5.33 records protection retention — cross-frame coherence required.
ISO27701:2019,A.7.4.8,IMPLEMENTS,GDPR:2016/679,Art.5.1.f,high,dimension_metadata,,,confidentiality;integrity,27701 A.7.4.8 disposal operationalises Art.5.1.f integrity + confidentiality — secure destruction eliminates residual risk.
ISO27701:2019,A.7.4.8,SUPPORTS,ISO27001:2022,A.7.14,medium,unspecified,,,,27701 A.7.4.8 physical media disposal covered by 27001 A.7.14 secure disposal/reuse of equipment.
ISO27701:2019,A.7.4.8,SUPPORTS,ISO27001:2022,A.5.28,high,unspecified,,,,27701 A.7.4.8 PII disposal reuses 27001 A.5.28 evidence-handling disposal_record shape.
ISO27701:2019,A.7.4.9,IMPLEMENTS,GDPR:2016/679,Art.32.1.a,high,dimension_metadata,,,pseudonymisation;encryption,27701 A.7.4.9 encryption-in-transit operationalises Art.32.1.a security of processing pseudonymisation + encryption.
ISO27701:2019,A.7.4.9,IMPLEMENTS,GDPR:2016/679,Art.5.1.f,high,dimension_metadata,,,confidentiality;integrity,27701 A.7.4.9 transmission controls operationalise Art.5.1.f integrity + confidentiality.
ISO27701:2019,A.7.4.9,SUPPORTS,ISO27001:2022,A.8.24,high,dimension_metadata,,,encryption,27701 A.7.4.9 encryption-in-transit uses 27001 A.8.24 cryptography as the implementation vehicle.
ISO27701:2019,A.7.4.9,SUPPORTS,ISO27001:2022,A.5.14,high,unspecified,,,,27701 A.7.4.9 PII transmission augments 27001 A.5.14 information transfer with privacy-specific controls (audit logs of PII transmissions).
ISO27701:2019,B.8.3.1,SUPPORTS,ISO27001:2022,A.5.19,medium,dimension_metadata,,,processor,Processor-side handling of principal requests is bounded by the supplier-relationship framework at 27001 A.5.19.
ISO27701:2019,B.8.3.1,SUPPORTS,ISO27001:2022,A.5.34,high,dimension_metadata,,,processor,27701 B.8.3.1 processor obligations to PII principals operationalises 27001 A.5.34 downstream when the processor receives principal requests.
ISO27701:2019,B.8.3.1,IMPLEMENTS,GDPR:2016/679,Art.17,medium,dimension_metadata,,,processor,27701 B.8.3.1 supports customer Art.17 fulfilment — processor executes erasure on customer instruction.
ISO27701:2019,B.8.3.1,IMPLEMENTS,GDPR:2016/679,Art.15,medium,dimension_metadata,,,processor,27701 B.8.3.1 supports customer Art.15 fulfilment — processor makes processing information available.
ISO27701:2019,B.8.3.1,IMPLEMENTS,GDPR:2016/679,Art.28,high,stub_needed,Art.28.3.e,,processor,27701 B.8.3.1 is the certifiable operationalisation of Art.28.3.e — processor assists controller with subject rights.
ISO27701:2019,B.8.4.1,IMPLEMENTS,GDPR:2016/679,Art.5.1.c,medium,dimension_metadata,,,processor,27701 B.8.4.1 processor temp file disposal supports Art.5.1.c minimisation.
ISO27701:2019,B.8.4.1,SUPPORTS,ISO27001:2022,A.8.10,high,dimension_metadata,,,processor,27701 B.8.4.1 processor temporary files handling operationalises 27001 A.8.10 information deletion for transient PII copies.
ISO27701:2019,B.8.4.2,IMPLEMENTS,GDPR:2016/679,Art.30.1.f,medium,unspecified,,,,27701 B.8.4.2 end-of-service records support Art.30.1.f retention records.
ISO27701:2019,B.8.4.2,IMPLEMENTS,GDPR:2016/679,Art.28.3.g,high,dimension_metadata,,,processor,27701 B.8.4.2 is the certifiable operationalisation of Art.28.3.g — processor returns or deletes PII at end of service.
ISO27701:2019,B.8.4.2,SUPPORTS,ISO27001:2022,A.5.19,medium,dimension_metadata,,,processor,27701 B.8.4.2 end-of-service PII handling operates within 27001 A.5.19 supplier relationships policy (processor-side).
ISO27701:2019,B.8.4.3,IMPLEMENTS,GDPR:2016/679,Art.5.1.f,high,dimension_metadata,,,confidentiality;processor;integrity,27701 B.8.4.3 processor transmission controls operationalise Art.5.1.f integrity + confidentiality.
ISO27701:2019,B.8.4.3,SUPPORTS,ISO27001:2022,A.8.24,high,dimension_metadata,,,encryption,27701 B.8.4.3 encryption-in-transit uses 27001 A.8.24 cryptography.
ISO27701:2019,B.8.4.3,SUPPORTS,ISO27001:2022,A.5.14,high,dimension_metadata,,,processor,27701 B.8.4.3 processor-side transmission mirrors A.7.4.9 controller-side — augments 27001 A.5.14 information transfer.
ISO27701:2019,A.7.5.1,IMPLEMENTS,GDPR:2016/679,Art.49,high,unspecified,,,,27701 A.7.5.1 covers Art.49 derogations for specific situations as last-resort transfer basis.
ISO27701:2019,A.7.5.1,IMPLEMENTS,GDPR:2016/679,Art.48,medium,unspecified,,,,27701 A.7.5.1 addresses Art.48 transfers not authorised by Union law (foreign court orders).
ISO27701:2019,A.7.5.1,IMPLEMENTS,GDPR:2016/679,Art.47,high,unspecified,,,,27701 A.7.5.1 covers Art.47 binding corporate rules basis.
ISO27701:2019,A.7.5.1,IMPLEMENTS,GDPR:2016/679,Art.46,high,unspecified,,,,"27701 A.7.5.1 covers Art.46 appropriate safeguards (SCCs, BCRs, codes, certification)."
ISO27701:2019,A.7.5.1,IMPLEMENTS,GDPR:2016/679,Art.45,high,unspecified,,,,27701 A.7.5.1 covers Art.45 adequacy-decision transfers.
ISO27701:2019,A.7.5.1,IMPLEMENTS,GDPR:2016/679,Art.44,high,unspecified,,,,27701 A.7.5.1 operationalises GDPR Art.44 general principle for transfers.
ISO27701:2019,A.7.5.1,SUPPORTS,ISO27001:2022,A.5.14,high,unspecified,,,,27701 A.7.5.1 cross-jurisdiction transfer basis augments 27001 A.5.14 information transfer with the privacy-specific Chap V + Schrems II TIA overlay.
ISO27701:2019,A.7.5.2,IMPLEMENTS,GDPR:2016/679,Art.30,medium,stub_needed,Art.30.1.e,,,27701 A.7.5.2 destinations feed Art.30.1.e recipient records.
ISO27701:2019,A.7.5.2,IMPLEMENTS,GDPR:2016/679,Art.15,medium,stub_needed,Art.15.2,,,27701 A.7.5.2 destinations disclosure feeds Art.15.2 — subject-right to know transfer destinations.
ISO27701:2019,A.7.5.2,SUPPORTS,ISO27001:2022,A.5.14,medium,unspecified,,,,27701 A.7.5.2 destinations register operationalises 27001 A.5.14 information transfer at the country-map level.
ISO27701:2019,A.7.5.3,IMPLEMENTS,GDPR:2016/679,Art.30,high,stub_needed,Art.30.1.e,,,27701 A.7.5.3 transfer records support Art.30.1.e transfer-recipient recording.
ISO27701:2019,A.7.5.3,SUPPORTS,ISO27001:2022,A.5.9,medium,unspecified,,,,27701 A.7.5.3 transfer records are a records-programme artefact — analogous to 27001 A.5.9 asset register discipline for PII transfer events.
ISO27701:2019,A.7.5.4,IMPLEMENTS,GDPR:2016/679,Art.30,high,stub_needed,Art.30.1.d,,,27701 A.7.5.4 disclosure records support Art.30.1.d recipient recording.
ISO27701:2019,A.7.5.4,SUPPORTS,ISO27001:2022,A.5.9,medium,unspecified,,,,27701 A.7.5.4 disclosure records — same records-programme pattern as A.5.9.
ISO27701:2019,B.8.5.1,IMPLEMENTS,GDPR:2016/679,Art.49,medium,dimension_metadata,,,processor,27701 B.8.5.1 processor Art.49 derogation invocation.
ISO27701:2019,B.8.5.1,IMPLEMENTS,GDPR:2016/679,Art.48,medium,dimension_metadata,,,processor,27701 B.8.5.1 handles Art.48 processor-side.
ISO27701:2019,B.8.5.1,IMPLEMENTS,GDPR:2016/679,Art.46,high,dimension_metadata,,,processor,27701 B.8.5.1 processor transfers under Art.46 safeguards.
ISO27701:2019,B.8.5.1,IMPLEMENTS,GDPR:2016/679,Art.44,high,dimension_metadata,,,processor,27701 B.8.5.1 processor-side Chap V compliance + Art.28 processor-instruction flow.
ISO27701:2019,B.8.5.1,SUPPORTS,ISO27001:2022,A.5.14,high,dimension_metadata,,,processor,27701 B.8.5.1 processor-side cross-jurisdiction transfers mirror A.7.5.1 — augment 27001 A.5.14.
ISO27701:2019,B.8.5.2,SUPPORTS,ISO27001:2022,A.5.14,high,dimension_metadata,,,transparency;processor,27701 B.8.5.2 disclosure of countries + international organisations receiving PII operationalises 27001 A.5.14 information transfer controls for processor-side transparency.
ISO27701:2019,B.8.5.2,IMPLEMENTS,GDPR:2016/679,Art.30,medium,stub_needed,Art.30.2.c,,processor,27701 B.8.5.2 processor destinations support Art.30.2.c transfer records.
ISO27701:2019,B.8.5.3,SUPPORTS,ISO27001:2022,A.5.9,medium,unspecified,,,,Disclosure records are a class of information asset under 27001 A.5.9 inventory / lifecycle controls.
ISO27701:2019,B.8.5.3,SUPPORTS,ISO27001:2022,A.5.14,high,unspecified,,,,27701 B.8.5.3 records of PII disclosure to third parties are the audit trail for 27001 A.5.14 information transfers.
ISO27701:2019,B.8.5.3,IMPLEMENTS,GDPR:2016/679,Art.30,medium,dimension_metadata,,,processor,27701 B.8.5.3 processor disclosure records — same records-programme discipline as Art.30.
ISO27701:2019,B.8.5.4,IMPLEMENTS,GDPR:2016/679,Art.28.3.a,high,dimension_metadata,,,processor,27701 B.8.5.4 legally-binding request notification operationalises Art.28.3.a documented-instructions principle — processor doesnt act on non-controller instructions without proper channel.
ISO27701:2019,B.8.5.4,SUPPORTS,ISO27001:2022,A.5.14,high,dimension_metadata,,,transparency,27701 B.8.5.4 notification of PII disclosure requests operationalises the transparency wrapper on 27001 A.5.14 information transfers.
ISO27701:2019,B.8.5.5,SUPPORTS,ISO27001:2022,A.5.31,medium,unspecified,,,,Legally binding disclosure requests fall under 27001 A.5.31 legal / statutory / regulatory requirements framework.
ISO27701:2019,B.8.5.5,SUPPORTS,ISO27001:2022,A.5.14,high,unspecified,,,,27701 B.8.5.5 legally binding PII disclosure handling is the special-case pathway for 27001 A.5.14 transfers under legal compulsion.
ISO27701:2019,B.8.5.5,IMPLEMENTS,GDPR:2016/679,Art.48,high,unspecified,,,,27701 B.8.5.5 reject-if-not-legally-binding operationalises Art.48 protection against foreign disclosure requests without Union-law basis.
ISO27701:2019,B.8.5.6,IMPLEMENTS,GDPR:2016/679,Art.28,high,stub_needed,Art.28.2;Art.28.4,,authorisation;processor,27701 B.8.5.6 pre-use subcontractor disclosure operationalises Art.28.2 general/specific authorisation + Art.28.4 subprocessor obligations.
ISO27701:2019,B.8.5.6,SUPPORTS,ISO27001:2022,A.5.19,high,dimension_metadata,,,processor,27701 B.8.5.6 subcontractor disclosure operates within 27001 A.5.19 supplier relationships (subprocessor is a supplier).
ISO27701:2019,B.8.5.7,IMPLEMENTS,GDPR:2016/679,Art.28,high,stub_needed,Art.28.2;Art.28.3.d,,,27701 B.8.5.7 subcontractor engagement operationalises Art.28.2 + Art.28.3.d flow-down of contract terms.
ISO27701:2019,B.8.5.7,SUPPORTS,ISO27001:2022,A.5.21,medium,unspecified,,,,27701 B.8.5.7 subcontractor written-contract flow-down aligns with 27001 A.5.21 managing ICT supply chain security.
ISO27701:2019,B.8.5.7,SUPPORTS,ISO27001:2022,A.5.19,high,dimension_metadata,,,processor,27701 B.8.5.7 subcontractor engagement — same policy family as 27001 A.5.19 supplier policy + specialisation for privacy subprocessors.
ISO27701:2019,B.8.5.8,IMPLEMENTS,GDPR:2016/679,Art.28,high,stub_needed,Art.28.2,,,27701 B.8.5.8 subcontractor-change notification operationalises Art.28.2 second sentence — inform controller of intended changes + opportunity to object.
ISO27701:2019,B.8.5.8,SUPPORTS,ISO27001:2022,A.5.22,high,dimension_metadata,,,monitoring,"27701 B.8.5.8 subcontractor-change monitoring aligns with 27001 A.5.22 monitoring, review + change management of supplier services."
